Starting server with Config HP="127.0.0.1:63603"|T="28800000"|R="false"|L="info"
time="2026-03-20T18:10:56Z" level=info msg="Creating root@localhost superuser"
time="2026-03-20T18:10:56Z" level=info msg="Server ready. Accepting connections."
time="2026-03-20T18:10:56Z" level=warning msg="secure_file_priv is set to \"\", which is insecure."
time="2026-03-20T18:10:56Z" level=warning msg="Any user with GRANT FILE privileges will be able to read any file which the sql-server process can read."
time="2026-03-20T18:10:56Z" level=warning msg="Please consider restarting the server with secure_file_priv set to a safe (or non-existent) directory."
time="2026-03-20T18:10:56Z" level=info msg=NewConnection DisableClientMultiStatements=false connectionID=1
time="2026-03-20T18:10:56Z" level=info msg=NewConnection DisableClientMultiStatements=false connectionID=2
time="2026-03-20T18:10:56Z" level=info msg=ConnectionClosed connectionID=1
time="2026-03-20T18:10:56Z" level=info msg=ConnectionClosed connectionID=2
time="2026-03-20T18:10:56Z" level=info msg=NewConnection DisableClientMultiStatements=false connectionID=3
time="2026-03-20T18:10:56Z" level=info msg=NewConnection DisableClientMultiStatements=false connectionID=4
time="2026-03-20T18:10:56Z" level=info msg=ConnectionClosed connectionID=3
time="2026-03-20T18:10:56Z" level=warning msg="error running query" connectTime="2026-03-20 18:10:56.249858 +0000 GMT m=+0.253023834" connectionDb=human_hum connectionID=4 error="table not found: config" queryTime="2026-03-20 18:10:56.25083 +0000 GMT m=+0.253996126"
time="2026-03-20T18:10:56Z" level=warning msg="error running query" connectTime="2026-03-20 18:10:56.249858 +0000 GMT m=+0.253023834" connectionDb=human_hum connectionID=4 error="Duplicate key name 'idx_issues_issue_type'" queryTime="2026-03-20 18:10:56.348742 +0000 GMT m=+0.351907917"
time="2026-03-20T18:10:56Z" level=warning msg="error running query" connectTime="2026-03-20 18:10:56.249858 +0000 GMT m=+0.253023834" connectionDb=human_hum connectionID=4 error="foreign key `fk_dep_depends_on` was not found on the table `dependencies`" queryTime="2026-03-20 18:10:56.349119 +0000 GMT m=+0.352284501"
time="2026-03-20T18:10:56Z" level=info msg=NewConnection DisableClientMultiStatements=false connectionID=5
time="2026-03-20T18:10:56Z" level=info msg=ConnectionClosed connectionID=5
time="2026-03-20T18:10:56Z" level=info msg=NewConnection DisableClientMultiStatements=false connectionID=6
time="2026-03-20T18:10:56Z" level=info msg=ConnectionClosed connectionID=6
time="2026-03-20T18:11:01Z" level=info msg=ConnectionClosed connectionID=4
time="2026-03-20T18:11:01Z" level=info msg=NewConnection DisableClientMultiStatements=false connectionID=7
time="2026-03-20T18:11:01Z" level=info msg=ConnectionClosed connectionID=7
time="2026-03-20T18:11:01Z" level=info msg="Server closing listener. No longer accepting connections."
time="2026-03-20T18:11:01Z" level=info msg="stats stopped: context canceled"
Starting server with Config HP="127.0.0.1:63734"|T="28800000"|R="false"|L="info"
time="2026-03-20T18:11:59Z" level=info msg="Server ready. Accepting connections."
time="2026-03-20T18:11:59Z" level=warning msg="secure_file_priv is set to \"\", which is insecure."
time="2026-03-20T18:11:59Z" level=warning msg="Any user with GRANT FILE privileges will be able to read any file which the sql-server process can read."
time="2026-03-20T18:11:59Z" level=warning msg="Please consider restarting the server with secure_file_priv set to a safe (or non-existent) directory."
time="2026-03-20T18:11:59Z" level=info msg=NewConnection DisableClientMultiStatements=false connectionID=1
time="2026-03-20T18:11:59Z" level=info msg=NewConnection DisableClientMultiStatements=false connectionID=2
time="2026-03-20T18:11:59Z" level=info msg=ConnectionClosed connectionID=1
time="2026-03-20T18:11:59Z" level=info msg=ConnectionClosed connectionID=2
time="2026-03-20T18:11:59Z" level=info msg=NewConnection DisableClientMultiStatements=false connectionID=3
time="2026-03-20T18:11:59Z" level=info msg=NewConnection DisableClientMultiStatements=false connectionID=4
time="2026-03-20T18:11:59Z" level=info msg=ConnectionClosed connectionID=3
time="2026-03-20T18:11:59Z" level=warning msg="error running query" connectTime="2026-03-20 18:11:59.948791 +0000 GMT m=+0.202040959" connectionDb=human_hum connectionID=4 error="nothing to commit" queryTime="2026-03-20 18:11:59.97343 +0000 GMT m=+0.226679751"
time="2026-03-20T18:12:00Z" level=info msg=NewConnection DisableClientMultiStatements=false connectionID=5
time="2026-03-20T18:12:00Z" level=info msg=ConnectionClosed connectionID=5
time="2026-03-20T18:12:00Z" level=info msg=NewConnection DisableClientMultiStatements=false connectionID=6
time="2026-03-20T18:12:00Z" level=info msg=ConnectionClosed connectionID=6
time="2026-03-20T18:12:00Z" level=info msg=ConnectionClosed connectionID=4
time="2026-03-20T18:12:00Z" level=info msg=NewConnection DisableClientMultiStatements=false connectionID=7
time="2026-03-20T18:12:00Z" level=info msg=ConnectionClosed connectionID=7
time="2026-03-20T18:12:00Z" level=info msg="Server closing listener. No longer accepting connections."
time="2026-03-20T18:12:00Z" level=info msg="stats stopped: context canceled"
Starting server with Config HP="127.0.0.1:63794"|T="28800000"|R="false"|L="info"
time="2026-03-20T18:12:01Z" level=info msg="Server ready. Accepting connections."
time="2026-03-20T18:12:01Z" level=warning msg="secure_file_priv is set to \"\", which is insecure."
time="2026-03-20T18:12:01Z" level=warning msg="Any user with GRANT FILE privileges will be able to read any file which the sql-server process can read."
time="2026-03-20T18:12:01Z" level=warning msg="Please consider restarting the server with secure_file_priv set to a safe (or non-existent) directory."
time="2026-03-20T18:12:02Z" level=info msg=NewConnection DisableClientMultiStatements=false connectionID=1
time="2026-03-20T18:12:02Z" level=info msg=ConnectionClosed connectionID=1
time="2026-03-20T18:12:02Z" level=info msg=NewConnection DisableClientMultiStatements=false connectionID=2
time="2026-03-20T18:12:02Z" level=info msg=ConnectionClosed connectionID=2
time="2026-03-20T18:12:02Z" level=info msg=NewConnection DisableClientMultiStatements=false connectionID=3
time="2026-03-20T18:12:02Z" level=info msg=NewConnection DisableClientMultiStatements=false connectionID=4
time="2026-03-20T18:12:02Z" level=info msg=ConnectionClosed connectionID=3
time="2026-03-20T18:12:02Z" level=warning msg="error running query" connectTime="2026-03-20 18:12:02.091318 +0000 GMT m=+0.196554709" connectionDb=human_hum connectionID=4 error="nothing to commit" queryTime="2026-03-20 18:12:02.098295 +0000 GMT m=+0.203531918"
time="2026-03-20T18:12:02Z" level=info msg=NewConnection DisableClientMultiStatements=false connectionID=5
time="2026-03-20T18:12:02Z" level=info msg=ConnectionClosed connectionID=5
time="2026-03-20T18:12:02Z" level=info msg=NewConnection DisableClientMultiStatements=false connectionID=6
time="2026-03-20T18:12:02Z" level=info msg=ConnectionClosed connectionID=6
time="2026-03-20T18:12:02Z" level=info msg=ConnectionClosed connectionID=4
time="2026-03-20T18:12:02Z" level=info msg=NewConnection DisableClientMultiStatements=false connectionID=7
time="2026-03-20T18:12:02Z" level=info msg=ConnectionClosed connectionID=7
time="2026-03-20T18:12:02Z" level=info msg="Server closing listener. No longer accepting connections."
time="2026-03-20T18:12:02Z" level=info msg="stats stopped: context canceled"
Starting server with Config HP="127.0.0.1:50176"|T="28800000"|R="false"|L="info"
time="2026-03-20T22:05:47Z" level=info msg="Server ready. Accepting connections."
time="2026-03-20T22:05:47Z" level=warning msg="secure_file_priv is set to \"\", which is insecure."
time="2026-03-20T22:05:47Z" level=warning msg="Any user with GRANT FILE privileges will be able to read any file which the sql-server process can read."
time="2026-03-20T22:05:47Z" level=warning msg="Please consider restarting the server with secure_file_priv set to a safe (or non-existent) directory."
time="2026-03-20T22:05:47Z" level=info msg=NewConnection DisableClientMultiStatements=false connectionID=2
time="2026-03-20T22:05:47Z" level=info msg=NewConnection DisableClientMultiStatements=false connectionID=1
time="2026-03-20T22:05:47Z" level=info msg=ConnectionClosed connectionID=1
time="2026-03-20T22:05:47Z" level=info msg=ConnectionClosed connectionID=2
time="2026-03-20T22:05:47Z" level=info msg=NewConnection DisableClientMultiStatements=false connectionID=3
time="2026-03-20T22:05:47Z" level=info msg=NewConnection DisableClientMultiStatements=false connectionID=4
time="2026-03-20T22:05:47Z" level=info msg=ConnectionClosed connectionID=3
time="2026-03-20T22:05:47Z" level=info msg=ConnectionClosed connectionID=4
time="2026-03-20T22:05:47Z" level=info msg=NewConnection DisableClientMultiStatements=false connectionID=5
time="2026-03-20T22:05:47Z" level=info msg="Server closing listener. No longer accepting connections."
time="2026-03-20T22:05:47Z" level=info msg=ConnectionClosed connectionID=5
time="2026-03-20T22:05:47Z" level=info msg="stats stopped: context canceled"
Starting server with Config HP="127.0.0.1:50193"|T="28800000"|R="false"|L="info"
time="2026-03-20T22:05:52Z" level=info msg="Server ready. Accepting connections."
time="2026-03-20T22:05:52Z" level=warning msg="secure_file_priv is set to \"\", which is insecure."
time="2026-03-20T22:05:52Z" level=warning msg="Any user with GRANT FILE privileges will be able to read any file which the sql-server process can read."
time="2026-03-20T22:05:52Z" level=warning msg="Please consider restarting the server with secure_file_priv set to a safe (or non-existent) directory."
time="2026-03-20T22:05:53Z" level=info msg=NewConnection DisableClientMultiStatements=false connectionID=1
time="2026-03-20T22:05:53Z" level=info msg=NewConnection DisableClientMultiStatements=false connectionID=2
time="2026-03-20T22:05:53Z" level=info msg=ConnectionClosed connectionID=1
time="2026-03-20T22:05:53Z" level=info msg=ConnectionClosed connectionID=2
time="2026-03-20T22:05:53Z" level=info msg=NewConnection DisableClientMultiStatements=false connectionID=3
time="2026-03-20T22:05:53Z" level=info msg=NewConnection DisableClientMultiStatements=false connectionID=4
time="2026-03-20T22:05:53Z" level=info msg=ConnectionClosed connectionID=3
time="2026-03-20T22:05:53Z" level=info msg=ConnectionClosed connectionID=4
time="2026-03-20T22:05:53Z" level=info msg=NewConnection DisableClientMultiStatements=false connectionID=5
time="2026-03-20T22:05:53Z" level=info msg=ConnectionClosed connectionID=5
time="2026-03-20T22:05:53Z" level=info msg="Server closing listener. No longer accepting connections."
time="2026-03-20T22:05:53Z" level=info msg="stats stopped: context canceled"
Starting server with Config HP="127.0.0.1:50210"|T="28800000"|R="false"|L="info"
time="2026-03-20T22:05:58Z" level=info msg="Server ready. Accepting connections."
time="2026-03-20T22:05:58Z" level=warning msg="secure_file_priv is set to \"\", which is insecure."
time="2026-03-20T22:05:58Z" level=warning msg="Any user with GRANT FILE privileges will be able to read any file which the sql-server process can read."
time="2026-03-20T22:05:58Z" level=warning msg="Please consider restarting the server with secure_file_priv set to a safe (or non-existent) directory."
time="2026-03-20T22:05:58Z" level=info msg=NewConnection DisableClientMultiStatements=false connectionID=2
time="2026-03-20T22:05:58Z" level=info msg=NewConnection DisableClientMultiStatements=false connectionID=1
time="2026-03-20T22:05:58Z" level=info msg=ConnectionClosed connectionID=2
time="2026-03-20T22:05:58Z" level=info msg=ConnectionClosed connectionID=1
time="2026-03-20T22:05:58Z" level=info msg=NewConnection DisableClientMultiStatements=false connectionID=3
time="2026-03-20T22:05:58Z" level=info msg=NewConnection DisableClientMultiStatements=false connectionID=4
time="2026-03-20T22:05:58Z" level=info msg=ConnectionClosed connectionID=3
time="2026-03-20T22:05:58Z" level=info msg=ConnectionClosed connectionID=4
time="2026-03-20T22:05:58Z" level=info msg=NewConnection DisableClientMultiStatements=false connectionID=5
time="2026-03-20T22:05:58Z" level=info msg=ConnectionClosed connectionID=5
time="2026-03-20T22:05:58Z" level=info msg="Server closing listener. No longer accepting connections."
time="2026-03-20T22:05:58Z" level=info msg="stats stopped: context canceled"
Starting server with Config HP="127.0.0.1:50229"|T="28800000"|R="false"|L="info"
time="2026-03-20T22:06:03Z" level=info msg="Server ready. Accepting connections."
time="2026-03-20T22:06:03Z" level=warning msg="secure_file_priv is set to \"\", which is insecure."
time="2026-03-20T22:06:03Z" level=warning msg="Any user with GRANT FILE privileges will be able to read any file which the sql-server process can read."
time="2026-03-20T22:06:03Z" level=warning msg="Please consider restarting the server with secure_file_priv set to a safe (or non-existent) directory."
time="2026-03-20T22:06:03Z" level=info msg=NewConnection DisableClientMultiStatements=false connectionID=1
time="2026-03-20T22:06:03Z" level=info msg=ConnectionClosed connectionID=1
time="2026-03-20T22:06:03Z" level=info msg=NewConnection DisableClientMultiStatements=false connectionID=2
time="2026-03-20T22:06:03Z" level=info msg=ConnectionClosed connectionID=2
time="2026-03-20T22:06:03Z" level=info msg=NewConnection DisableClientMultiStatements=false connectionID=3
time="2026-03-20T22:06:03Z" level=info msg=NewConnection DisableClientMultiStatements=false connectionID=4
time="2026-03-20T22:06:03Z" level=info msg=ConnectionClosed connectionID=3
time="2026-03-20T22:06:03Z" level=info msg=ConnectionClosed connectionID=4
time="2026-03-20T22:06:03Z" level=info msg=NewConnection DisableClientMultiStatements=false connectionID=5
time="2026-03-20T22:06:03Z" level=info msg=ConnectionClosed connectionID=5
time="2026-03-20T22:06:03Z" level=info msg="Server closing listener. No longer accepting connections."
time="2026-03-20T22:06:03Z" level=info msg="stats stopped: context canceled"
Starting server with Config HP="127.0.0.1:50246"|T="28800000"|R="false"|L="info"
time="2026-03-20T22:06:09Z" level=info msg="Server ready. Accepting connections."
time="2026-03-20T22:06:09Z" level=warning msg="secure_file_priv is set to \"\", which is insecure."
time="2026-03-20T22:06:09Z" level=warning msg="Any user with GRANT FILE privileges will be able to read any file which the sql-server process can read."
time="2026-03-20T22:06:09Z" level=warning msg="Please consider restarting the server with secure_file_priv set to a safe (or non-existent) directory."
time="2026-03-20T22:06:09Z" level=info msg=NewConnection DisableClientMultiStatements=false connectionID=1
time="2026-03-20T22:06:09Z" level=info msg=NewConnection DisableClientMultiStatements=false connectionID=2
time="2026-03-20T22:06:09Z" level=info msg=ConnectionClosed connectionID=1
time="2026-03-20T22:06:09Z" level=info msg=ConnectionClosed connectionID=2
time="2026-03-20T22:06:09Z" level=info msg=NewConnection DisableClientMultiStatements=false connectionID=3
time="2026-03-20T22:06:09Z" level=info msg=NewConnection DisableClientMultiStatements=false connectionID=4
time="2026-03-20T22:06:09Z" level=info msg=ConnectionClosed connectionID=3
time="2026-03-20T22:06:09Z" level=info msg=ConnectionClosed connectionID=4
time="2026-03-20T22:06:09Z" level=info msg=NewConnection DisableClientMultiStatements=false connectionID=5
time="2026-03-20T22:06:09Z" level=info msg=ConnectionClosed connectionID=5
time="2026-03-20T22:06:09Z" level=info msg="Server closing listener. No longer accepting connections."
time="2026-03-20T22:06:09Z" level=info msg="stats stopped: context canceled"
Starting server with Config HP="127.0.0.1:50266"|T="28800000"|R="false"|L="info"
time="2026-03-20T22:06:14Z" level=info msg="Server ready. Accepting connections."
time="2026-03-20T22:06:14Z" level=warning msg="secure_file_priv is set to \"\", which is insecure."
time="2026-03-20T22:06:14Z" level=warning msg="Any user with GRANT FILE privileges will be able to read any file which the sql-server process can read."
time="2026-03-20T22:06:14Z" level=warning msg="Please consider restarting the server with secure_file_priv set to a safe (or non-existent) directory."
time="2026-03-20T22:06:15Z" level=info msg=NewConnection DisableClientMultiStatements=false connectionID=2
time="2026-03-20T22:06:15Z" level=info msg=NewConnection DisableClientMultiStatements=false connectionID=1
time="2026-03-20T22:06:15Z" level=info msg=ConnectionClosed connectionID=1
time="2026-03-20T22:06:15Z" level=info msg=ConnectionClosed connectionID=2
time="2026-03-20T22:06:15Z" level=info msg=NewConnection DisableClientMultiStatements=false connectionID=3
time="2026-03-20T22:06:15Z" level=info msg=NewConnection DisableClientMultiStatements=false connectionID=4
time="2026-03-20T22:06:15Z" level=info msg=ConnectionClosed connectionID=3
time="2026-03-20T22:06:15Z" level=info msg=ConnectionClosed connectionID=4
time="2026-03-20T22:06:15Z" level=info msg=NewConnection DisableClientMultiStatements=false connectionID=5
time="2026-03-20T22:06:15Z" level=info msg=ConnectionClosed connectionID=5
time="2026-03-20T22:06:15Z" level=info msg="Server closing listener. No longer accepting connections."
time="2026-03-20T22:06:15Z" level=info msg="stats stopped: context canceled"
Starting server with Config HP="127.0.0.1:50283"|T="28800000"|R="false"|L="info"
time="2026-03-20T22:06:20Z" level=info msg="Server ready. Accepting connections."
time="2026-03-20T22:06:20Z" level=warning msg="secure_file_priv is set to \"\", which is insecure."
time="2026-03-20T22:06:20Z" level=warning msg="Any user with GRANT FILE privileges will be able to read any file which the sql-server process can read."
time="2026-03-20T22:06:20Z" level=warning msg="Please consider restarting the server with secure_file_priv set to a safe (or non-existent) directory."
time="2026-03-20T22:06:20Z" level=info msg=NewConnection DisableClientMultiStatements=false connectionID=1
time="2026-03-20T22:06:20Z" level=info msg=ConnectionClosed connectionID=1
time="2026-03-20T22:06:20Z" level=info msg=NewConnection DisableClientMultiStatements=false connectionID=2
time="2026-03-20T22:06:20Z" level=info msg=ConnectionClosed connectionID=2
time="2026-03-20T22:06:20Z" level=info msg=NewConnection DisableClientMultiStatements=false connectionID=3
time="2026-03-20T22:06:20Z" level=info msg=NewConnection DisableClientMultiStatements=false connectionID=4
time="2026-03-20T22:06:20Z" level=info msg=ConnectionClosed connectionID=3
time="2026-03-20T22:06:20Z" level=info msg=ConnectionClosed connectionID=4
time="2026-03-20T22:06:20Z" level=info msg=NewConnection DisableClientMultiStatements=false connectionID=5
time="2026-03-20T22:06:20Z" level=info msg=ConnectionClosed connectionID=5
time="2026-03-20T22:06:20Z" level=info msg="Server closing listener. No longer accepting connections."
time="2026-03-20T22:06:20Z" level=info msg="stats stopped: context canceled"
Starting server with Config HP="127.0.0.1:50300"|T="28800000"|R="false"|L="info"
time="2026-03-20T22:06:25Z" level=info msg="Server ready. Accepting connections."
time="2026-03-20T22:06:25Z" level=warning msg="secure_file_priv is set to \"\", which is insecure."
time="2026-03-20T22:06:25Z" level=warning msg="Any user with GRANT FILE privileges will be able to read any file which the sql-server process can read."
time="2026-03-20T22:06:25Z" level=warning msg="Please consider restarting the server with secure_file_priv set to a safe (or non-existent) directory."
time="2026-03-20T22:06:25Z" level=info msg=NewConnection DisableClientMultiStatements=false connectionID=1
time="2026-03-20T22:06:25Z" level=info msg=ConnectionClosed connectionID=1
time="2026-03-20T22:06:25Z" level=info msg=NewConnection DisableClientMultiStatements=false connectionID=2
time="2026-03-20T22:06:25Z" level=info msg=ConnectionClosed connectionID=2
time="2026-03-20T22:06:25Z" level=info msg=NewConnection DisableClientMultiStatements=false connectionID=3
time="2026-03-20T22:06:25Z" level=info msg=NewConnection DisableClientMultiStatements=false connectionID=4
time="2026-03-20T22:06:25Z" level=info msg=ConnectionClosed connectionID=3
time="2026-03-20T22:06:25Z" level=info msg=ConnectionClosed connectionID=4
time="2026-03-20T22:06:25Z" level=info msg=NewConnection DisableClientMultiStatements=false connectionID=5
time="2026-03-20T22:06:25Z" level=info msg="Server closing listener. No longer accepting connections."
time="2026-03-20T22:06:25Z" level=info msg=ConnectionClosed connectionID=5
time="2026-03-20T22:06:25Z" level=info msg="stats stopped: context canceled"
Starting server with Config HP="127.0.0.1:50319"|T="28800000"|R="false"|L="info"
time="2026-03-20T22:06:31Z" level=info msg="Server ready. Accepting connections."
time="2026-03-20T22:06:31Z" level=warning msg="secure_file_priv is set to \"\", which is insecure."
time="2026-03-20T22:06:31Z" level=warning msg="Any user with GRANT FILE privileges will be able to read any file which the sql-server process can read."
time="2026-03-20T22:06:31Z" level=warning msg="Please consider restarting the server with secure_file_priv set to a safe (or non-existent) directory."
time="2026-03-20T22:06:31Z" level=info msg=NewConnection DisableClientMultiStatements=false connectionID=1
time="2026-03-20T22:06:31Z" level=info msg=ConnectionClosed connectionID=1
time="2026-03-20T22:06:31Z" level=info msg=NewConnection DisableClientMultiStatements=false connectionID=2
time="2026-03-20T22:06:31Z" level=info msg=ConnectionClosed connectionID=2
time="2026-03-20T22:06:31Z" level=info msg=NewConnection DisableClientMultiStatements=false connectionID=3
time="2026-03-20T22:06:31Z" level=info msg=NewConnection DisableClientMultiStatements=false connectionID=4
time="2026-03-20T22:06:31Z" level=info msg=ConnectionClosed connectionID=3
time="2026-03-20T22:06:31Z" level=info msg=ConnectionClosed connectionID=4
time="2026-03-20T22:06:31Z" level=info msg=NewConnection DisableClientMultiStatements=false connectionID=5
time="2026-03-20T22:06:31Z" level=info msg="Server closing listener. No longer accepting connections."
time="2026-03-20T22:06:31Z" level=info msg=ConnectionClosed connectionID=5
time="2026-03-20T22:06:31Z" level=info msg="stats stopped: context canceled"
Starting server with Config HP="127.0.0.1:50336"|T="28800000"|R="false"|L="info"
time="2026-03-20T22:06:36Z" level=info msg="Server ready. Accepting connections."
time="2026-03-20T22:06:36Z" level=warning msg="secure_file_priv is set to \"\", which is insecure."
time="2026-03-20T22:06:36Z" level=warning msg="Any user with GRANT FILE privileges will be able to read any file which the sql-server process can read."
time="2026-03-20T22:06:36Z" level=warning msg="Please consider restarting the server with secure_file_priv set to a safe (or non-existent) directory."
time="2026-03-20T22:06:36Z" level=info msg=NewConnection DisableClientMultiStatements=false connectionID=1
time="2026-03-20T22:06:36Z" level=info msg=ConnectionClosed connectionID=1
time="2026-03-20T22:06:36Z" level=info msg=NewConnection DisableClientMultiStatements=false connectionID=2
time="2026-03-20T22:06:36Z" level=info msg=ConnectionClosed connectionID=2
time="2026-03-20T22:06:36Z" level=info msg=NewConnection DisableClientMultiStatements=false connectionID=3
time="2026-03-20T22:06:36Z" level=info msg=NewConnection DisableClientMultiStatements=false connectionID=4
time="2026-03-20T22:06:36Z" level=info msg=ConnectionClosed connectionID=3
time="2026-03-20T22:06:36Z" level=info msg=ConnectionClosed connectionID=4
time="2026-03-20T22:06:36Z" level=info msg=NewConnection DisableClientMultiStatements=false connectionID=5
time="2026-03-20T22:06:36Z" level=info msg=ConnectionClosed connectionID=5
time="2026-03-20T22:06:36Z" level=info msg="Server closing listener. No longer accepting connections."
time="2026-03-20T22:06:36Z" level=info msg="stats stopped: context canceled"
Starting server with Config HP="127.0.0.1:50355"|T="28800000"|R="false"|L="info"
time="2026-03-20T22:06:42Z" level=info msg="Server ready. Accepting connections."
time="2026-03-20T22:06:42Z" level=warning msg="secure_file_priv is set to \"\", which is insecure."
time="2026-03-20T22:06:42Z" level=warning msg="Any user with GRANT FILE privileges will be able to read any file which the sql-server process can read."
time="2026-03-20T22:06:42Z" level=warning msg="Please consider restarting the server with secure_file_priv set to a safe (or non-existent) directory."
time="2026-03-20T22:06:42Z" level=info msg=NewConnection DisableClientMultiStatements=false connectionID=1
time="2026-03-20T22:06:42Z" level=info msg=ConnectionClosed connectionID=1
time="2026-03-20T22:06:42Z" level=info msg=NewConnection DisableClientMultiStatements=false connectionID=2
time="2026-03-20T22:06:42Z" level=info msg=ConnectionClosed connectionID=2
time="2026-03-20T22:06:42Z" level=info msg=NewConnection DisableClientMultiStatements=false connectionID=3
time="2026-03-20T22:06:42Z" level=info msg=NewConnection DisableClientMultiStatements=false connectionID=4
time="2026-03-20T22:06:42Z" level=info msg=ConnectionClosed connectionID=3
time="2026-03-20T22:06:42Z" level=info msg=ConnectionClosed connectionID=4
time="2026-03-20T22:06:42Z" level=info msg=NewConnection DisableClientMultiStatements=false connectionID=5
time="2026-03-20T22:06:42Z" level=info msg=ConnectionClosed connectionID=5
time="2026-03-20T22:06:42Z" level=info msg="Server closing listener. No longer accepting connections."
time="2026-03-20T22:06:42Z" level=info msg="stats stopped: context canceled"
Starting server with Config HP="127.0.0.1:50375"|T="28800000"|R="false"|L="info"
time="2026-03-20T22:06:47Z" level=info msg="Server ready. Accepting connections."
time="2026-03-20T22:06:47Z" level=warning msg="secure_file_priv is set to \"\", which is insecure."
time="2026-03-20T22:06:47Z" level=warning msg="Any user with GRANT FILE privileges will be able to read any file which the sql-server process can read."
time="2026-03-20T22:06:47Z" level=warning msg="Please consider restarting the server with secure_file_priv set to a safe (or non-existent) directory."
time="2026-03-20T22:06:47Z" level=info msg=NewConnection DisableClientMultiStatements=false connectionID=1
time="2026-03-20T22:06:47Z" level=info msg=ConnectionClosed connectionID=1
time="2026-03-20T22:06:47Z" level=info msg=NewConnection DisableClientMultiStatements=false connectionID=2
time="2026-03-20T22:06:47Z" level=info msg=ConnectionClosed connectionID=2
time="2026-03-20T22:06:47Z" level=info msg=NewConnection DisableClientMultiStatements=false connectionID=3
time="2026-03-20T22:06:47Z" level=info msg=NewConnection DisableClientMultiStatements=false connectionID=4
time="2026-03-20T22:06:47Z" level=info msg=ConnectionClosed connectionID=3
time="2026-03-20T22:06:47Z" level=info msg=ConnectionClosed connectionID=4
time="2026-03-20T22:06:47Z" level=info msg=NewConnection DisableClientMultiStatements=false connectionID=5
time="2026-03-20T22:06:47Z" level=info msg=ConnectionClosed connectionID=5
time="2026-03-20T22:06:47Z" level=info msg="Server closing listener. No longer accepting connections."
time="2026-03-20T22:06:47Z" level=info msg="stats stopped: context canceled"
Starting server with Config HP="127.0.0.1:50393"|T="28800000"|R="false"|L="info"
time="2026-03-20T22:06:52Z" level=info msg="Server ready. Accepting connections."
time="2026-03-20T22:06:52Z" level=warning msg="secure_file_priv is set to \"\", which is insecure."
time="2026-03-20T22:06:52Z" level=warning msg="Any user with GRANT FILE privileges will be able to read any file which the sql-server process can read."
time="2026-03-20T22:06:52Z" level=warning msg="Please consider restarting the server with secure_file_priv set to a safe (or non-existent) directory."
time="2026-03-20T22:06:53Z" level=info msg=NewConnection DisableClientMultiStatements=false connectionID=1
time="2026-03-20T22:06:53Z" level=info msg=ConnectionClosed connectionID=1
time="2026-03-20T22:06:53Z" level=info msg=NewConnection DisableClientMultiStatements=false connectionID=2
time="2026-03-20T22:06:53Z" level=info msg=ConnectionClosed connectionID=2
time="2026-03-20T22:06:53Z" level=info msg=NewConnection DisableClientMultiStatements=false connectionID=3
time="2026-03-20T22:06:53Z" level=info msg=NewConnection DisableClientMultiStatements=false connectionID=4
time="2026-03-20T22:06:53Z" level=info msg=ConnectionClosed connectionID=3
time="2026-03-20T22:06:53Z" level=info msg=ConnectionClosed connectionID=4
time="2026-03-20T22:06:53Z" level=info msg=NewConnection DisableClientMultiStatements=false connectionID=5
time="2026-03-20T22:06:53Z" level=info msg=ConnectionClosed connectionID=5
time="2026-03-20T22:06:53Z" level=info msg="Server closing listener. No longer accepting connections."
time="2026-03-20T22:06:53Z" level=info msg="stats stopped: context canceled"
Starting server with Config HP="127.0.0.1:50415"|T="28800000"|R="false"|L="info"
time="2026-03-20T22:06:58Z" level=info msg="Server ready. Accepting connections."
time="2026-03-20T22:06:58Z" level=warning msg="secure_file_priv is set to \"\", which is insecure."
time="2026-03-20T22:06:58Z" level=warning msg="Any user with GRANT FILE privileges will be able to read any file which the sql-server process can read."
time="2026-03-20T22:06:58Z" level=warning msg="Please consider restarting the server with secure_file_priv set to a safe (or non-existent) directory."
time="2026-03-20T22:06:58Z" level=info msg=NewConnection DisableClientMultiStatements=false connectionID=1
time="2026-03-20T22:06:58Z" level=info msg=ConnectionClosed connectionID=1
time="2026-03-20T22:06:58Z" level=info msg=NewConnection DisableClientMultiStatements=false connectionID=2
time="2026-03-20T22:06:58Z" level=info msg=ConnectionClosed connectionID=2
time="2026-03-20T22:06:58Z" level=info msg=NewConnection DisableClientMultiStatements=false connectionID=3
time="2026-03-20T22:06:58Z" level=info msg=NewConnection DisableClientMultiStatements=false connectionID=4
time="2026-03-20T22:06:58Z" level=info msg=ConnectionClosed connectionID=3
time="2026-03-20T22:06:58Z" level=info msg=ConnectionClosed connectionID=4
time="2026-03-20T22:06:58Z" level=info msg=NewConnection DisableClientMultiStatements=false connectionID=5
time="2026-03-20T22:06:58Z" level=info msg="Server closing listener. No longer accepting connections."
time="2026-03-20T22:06:58Z" level=info msg=ConnectionClosed connectionID=5
time="2026-03-20T22:06:58Z" level=info msg="stats stopped: context canceled"
Starting server with Config HP="127.0.0.1:50434"|T="28800000"|R="false"|L="info"
time="2026-03-20T22:07:03Z" level=info msg="Server ready. Accepting connections."
time="2026-03-20T22:07:03Z" level=warning msg="secure_file_priv is set to \"\", which is insecure."
time="2026-03-20T22:07:03Z" level=warning msg="Any user with GRANT FILE privileges will be able to read any file which the sql-server process can read."
time="2026-03-20T22:07:03Z" level=warning msg="Please consider restarting the server with secure_file_priv set to a safe (or non-existent) directory."
time="2026-03-20T22:07:03Z" level=info msg=NewConnection DisableClientMultiStatements=false connectionID=1
time="2026-03-20T22:07:03Z" level=info msg=ConnectionClosed connectionID=1
time="2026-03-20T22:07:03Z" level=info msg=NewConnection DisableClientMultiStatements=false connectionID=2
time="2026-03-20T22:07:03Z" level=info msg=ConnectionClosed connectionID=2
time="2026-03-20T22:07:03Z" level=info msg=NewConnection DisableClientMultiStatements=false connectionID=3
time="2026-03-20T22:07:03Z" level=info msg=NewConnection DisableClientMultiStatements=false connectionID=4
time="2026-03-20T22:07:03Z" level=info msg=ConnectionClosed connectionID=3
time="2026-03-20T22:07:03Z" level=warning msg="error running query" connectTime="2026-03-20 22:07:03.955065 +0000 GMT m=+0.195818959" connectionDb=human_hum connectionID=4 error="nothing to commit" queryTime="2026-03-20 22:07:03.973087 +0000 GMT m=+0.213840834"
time="2026-03-20T22:07:04Z" level=info msg=NewConnection DisableClientMultiStatements=false connectionID=5
time="2026-03-20T22:07:04Z" level=info msg=ConnectionClosed connectionID=5
time="2026-03-20T22:07:04Z" level=info msg=NewConnection DisableClientMultiStatements=false connectionID=6
time="2026-03-20T22:07:04Z" level=info msg=ConnectionClosed connectionID=6
time="2026-03-20T22:07:04Z" level=info msg=ConnectionClosed connectionID=4
time="2026-03-20T22:07:04Z" level=info msg=NewConnection DisableClientMultiStatements=false connectionID=7
time="2026-03-20T22:07:04Z" level=info msg=ConnectionClosed connectionID=7
time="2026-03-20T22:07:04Z" level=info msg="Server closing listener. No longer accepting connections."
time="2026-03-20T22:07:04Z" level=info msg="stats stopped: context canceled"
Starting server with Config HP="127.0.0.1:50464"|T="28800000"|R="false"|L="info"
time="2026-03-20T22:07:09Z" level=info msg="Server ready. Accepting connections."
time="2026-03-20T22:07:09Z" level=warning msg="secure_file_priv is set to \"\", which is insecure."
time="2026-03-20T22:07:09Z" level=warning msg="Any user with GRANT FILE privileges will be able to read any file which the sql-server process can read."
time="2026-03-20T22:07:09Z" level=warning msg="Please consider restarting the server with secure_file_priv set to a safe (or non-existent) directory."
time="2026-03-20T22:07:09Z" level=info msg=NewConnection DisableClientMultiStatements=false connectionID=1
time="2026-03-20T22:07:09Z" level=info msg=ConnectionClosed connectionID=1
time="2026-03-20T22:07:09Z" level=info msg=NewConnection DisableClientMultiStatements=false connectionID=2
time="2026-03-20T22:07:09Z" level=info msg=ConnectionClosed connectionID=2
time="2026-03-20T22:07:09Z" level=info msg=NewConnection DisableClientMultiStatements=false connectionID=3
time="2026-03-20T22:07:09Z" level=info msg=NewConnection DisableClientMultiStatements=false connectionID=4
time="2026-03-20T22:07:09Z" level=info msg=ConnectionClosed connectionID=3
time="2026-03-20T22:07:09Z" level=info msg=ConnectionClosed connectionID=4
time="2026-03-20T22:07:09Z" level=info msg=NewConnection DisableClientMultiStatements=false connectionID=5
time="2026-03-20T22:07:09Z" level=info msg=ConnectionClosed connectionID=5
time="2026-03-20T22:07:09Z" level=info msg="Server closing listener. No longer accepting connections."
time="2026-03-20T22:07:09Z" level=info msg="stats stopped: context canceled"
Starting server with Config HP="127.0.0.1:50485"|T="28800000"|R="false"|L="info"
time="2026-03-20T22:07:15Z" level=info msg="Server ready. Accepting connections."
time="2026-03-20T22:07:15Z" level=warning msg="secure_file_priv is set to \"\", which is insecure."
time="2026-03-20T22:07:15Z" level=warning msg="Any user with GRANT FILE privileges will be able to read any file which the sql-server process can read."
time="2026-03-20T22:07:15Z" level=warning msg="Please consider restarting the server with secure_file_priv set to a safe (or non-existent) directory."
time="2026-03-20T22:07:15Z" level=info msg=NewConnection DisableClientMultiStatements=false connectionID=2
time="2026-03-20T22:07:15Z" level=info msg=NewConnection DisableClientMultiStatements=false connectionID=1
time="2026-03-20T22:07:15Z" level=info msg=ConnectionClosed connectionID=2
time="2026-03-20T22:07:15Z" level=info msg=ConnectionClosed connectionID=1
time="2026-03-20T22:07:15Z" level=info msg=NewConnection DisableClientMultiStatements=false connectionID=3
time="2026-03-20T22:07:15Z" level=info msg=NewConnection DisableClientMultiStatements=false connectionID=4
time="2026-03-20T22:07:15Z" level=info msg=ConnectionClosed connectionID=3
time="2026-03-20T22:07:15Z" level=warning msg="error running query" connectTime="2026-03-20 22:07:15.269797 +0000 GMT m=+0.196427251" connectionDb=human_hum connectionID=4 error="nothing to commit" queryTime="2026-03-20 22:07:15.278809 +0000 GMT m=+0.205440126"
time="2026-03-20T22:07:15Z" level=info msg=NewConnection DisableClientMultiStatements=false connectionID=5
time="2026-03-20T22:07:15Z" level=info msg=ConnectionClosed connectionID=5
time="2026-03-20T22:07:15Z" level=info msg=NewConnection DisableClientMultiStatements=false connectionID=6
time="2026-03-20T22:07:15Z" level=info msg=ConnectionClosed connectionID=6
time="2026-03-20T22:07:15Z" level=info msg=ConnectionClosed connectionID=4
time="2026-03-20T22:07:15Z" level=info msg=NewConnection DisableClientMultiStatements=false connectionID=7
time="2026-03-20T22:07:15Z" level=info msg=ConnectionClosed connectionID=7
time="2026-03-20T22:07:15Z" level=info msg="Server closing listener. No longer accepting connections."
time="2026-03-20T22:07:15Z" level=info msg="stats stopped: context canceled"
Starting server with Config HP="127.0.0.1:50510"|T="28800000"|R="false"|L="info"
time="2026-03-20T22:07:20Z" level=info msg="Server ready. Accepting connections."
time="2026-03-20T22:07:20Z" level=warning msg="secure_file_priv is set to \"\", which is insecure."
time="2026-03-20T22:07:20Z" level=warning msg="Any user with GRANT FILE privileges will be able to read any file which the sql-server process can read."
time="2026-03-20T22:07:20Z" level=warning msg="Please consider restarting the server with secure_file_priv set to a safe (or non-existent) directory."
time="2026-03-20T22:07:21Z" level=info msg=NewConnection DisableClientMultiStatements=false connectionID=1
time="2026-03-20T22:07:21Z" level=info msg=ConnectionClosed connectionID=1
time="2026-03-20T22:07:21Z" level=info msg=NewConnection DisableClientMultiStatements=false connectionID=2
time="2026-03-20T22:07:21Z" level=info msg=ConnectionClosed connectionID=2
time="2026-03-20T22:07:21Z" level=info msg=NewConnection DisableClientMultiStatements=false connectionID=3
time="2026-03-20T22:07:21Z" level=info msg=NewConnection DisableClientMultiStatements=false connectionID=4
time="2026-03-20T22:07:21Z" level=info msg=ConnectionClosed connectionID=3
time="2026-03-20T22:07:21Z" level=info msg=ConnectionClosed connectionID=4
time="2026-03-20T22:07:21Z" level=info msg=NewConnection DisableClientMultiStatements=false connectionID=5
time="2026-03-20T22:07:21Z" level=info msg=ConnectionClosed connectionID=5
time="2026-03-20T22:07:21Z" level=info msg="Server closing listener. No longer accepting connections."
time="2026-03-20T22:07:21Z" level=info msg="stats stopped: context canceled"
Starting server with Config HP="127.0.0.1:50609"|T="28800000"|R="false"|L="info"
time="2026-03-20T22:09:49Z" level=info msg="Server ready. Accepting connections."
time="2026-03-20T22:09:49Z" level=warning msg="secure_file_priv is set to \"\", which is insecure."
time="2026-03-20T22:09:49Z" level=warning msg="Any user with GRANT FILE privileges will be able to read any file which the sql-server process can read."
time="2026-03-20T22:09:49Z" level=warning msg="Please consider restarting the server with secure_file_priv set to a safe (or non-existent) directory."
time="2026-03-20T22:09:49Z" level=info msg=NewConnection DisableClientMultiStatements=false connectionID=2
time="2026-03-20T22:09:49Z" level=info msg=NewConnection DisableClientMultiStatements=false connectionID=1
time="2026-03-20T22:09:49Z" level=info msg=ConnectionClosed connectionID=2
time="2026-03-20T22:09:49Z" level=info msg=ConnectionClosed connectionID=1
time="2026-03-20T22:09:49Z" level=info msg=NewConnection DisableClientMultiStatements=false connectionID=3
time="2026-03-20T22:09:49Z" level=info msg=NewConnection DisableClientMultiStatements=false connectionID=4
time="2026-03-20T22:09:49Z" level=info msg=ConnectionClosed connectionID=3
time="2026-03-20T22:09:49Z" level=warning msg="error running query" connectTime="2026-03-20 22:09:49.442706 +0000 GMT m=+0.202108334" connectionDb=human_hum connectionID=4 error="nothing to commit" queryTime="2026-03-20 22:09:49.462404 +0000 GMT m=+0.221806543"
time="2026-03-20T22:09:49Z" level=info msg=NewConnection DisableClientMultiStatements=false connectionID=5
time="2026-03-20T22:09:49Z" level=info msg=ConnectionClosed connectionID=5
time="2026-03-20T22:09:49Z" level=info msg=NewConnection DisableClientMultiStatements=false connectionID=6
time="2026-03-20T22:09:49Z" level=info msg=ConnectionClosed connectionID=6
time="2026-03-20T22:09:49Z" level=info msg=ConnectionClosed connectionID=4
time="2026-03-20T22:09:49Z" level=info msg=NewConnection DisableClientMultiStatements=false connectionID=7
time="2026-03-20T22:09:49Z" level=info msg=ConnectionClosed connectionID=7
time="2026-03-20T22:09:49Z" level=info msg="Server closing listener. No longer accepting connections."
time="2026-03-20T22:09:49Z" level=info msg="stats stopped: context canceled"
Starting server with Config HP="127.0.0.1:50678"|T="28800000"|R="false"|L="info"
time="2026-03-20T22:10:46Z" level=info msg="Server ready. Accepting connections."
time="2026-03-20T22:10:46Z" level=warning msg="secure_file_priv is set to \"\", which is insecure."
time="2026-03-20T22:10:46Z" level=warning msg="Any user with GRANT FILE privileges will be able to read any file which the sql-server process can read."
time="2026-03-20T22:10:46Z" level=warning msg="Please consider restarting the server with secure_file_priv set to a safe (or non-existent) directory."
time="2026-03-20T22:10:46Z" level=info msg=NewConnection DisableClientMultiStatements=false connectionID=1
time="2026-03-20T22:10:46Z" level=info msg=NewConnection DisableClientMultiStatements=false connectionID=2
time="2026-03-20T22:10:46Z" level=info msg=ConnectionClosed connectionID=2
time="2026-03-20T22:10:46Z" level=info msg=ConnectionClosed connectionID=1
time="2026-03-20T22:10:46Z" level=info msg=NewConnection DisableClientMultiStatements=false connectionID=3
time="2026-03-20T22:10:46Z" level=info msg=NewConnection DisableClientMultiStatements=false connectionID=4
time="2026-03-20T22:10:46Z" level=info msg=ConnectionClosed connectionID=3
time="2026-03-20T22:10:46Z" level=info msg=ConnectionClosed connectionID=4
time="2026-03-20T22:10:46Z" level=info msg=NewConnection DisableClientMultiStatements=false connectionID=5
time="2026-03-20T22:10:46Z" level=info msg=ConnectionClosed connectionID=5
time="2026-03-20T22:10:46Z" level=info msg="Server closing listener. No longer accepting connections."
time="2026-03-20T22:10:46Z" level=info msg="stats stopped: context canceled"
Starting server with Config HP="127.0.0.1:50697"|T="28800000"|R="false"|L="info"
time="2026-03-20T22:11:02Z" level=info msg="Server ready. Accepting connections."
time="2026-03-20T22:11:02Z" level=warning msg="secure_file_priv is set to \"\", which is insecure."
time="2026-03-20T22:11:02Z" level=warning msg="Any user with GRANT FILE privileges will be able to read any file which the sql-server process can read."
time="2026-03-20T22:11:02Z" level=warning msg="Please consider restarting the server with secure_file_priv set to a safe (or non-existent) directory."
time="2026-03-20T22:11:03Z" level=info msg=NewConnection DisableClientMultiStatements=false connectionID=1
time="2026-03-20T22:11:03Z" level=info msg=NewConnection DisableClientMultiStatements=false connectionID=2
time="2026-03-20T22:11:03Z" level=info msg=ConnectionClosed connectionID=2
time="2026-03-20T22:11:03Z" level=info msg=ConnectionClosed connectionID=1
time="2026-03-20T22:11:03Z" level=info msg=NewConnection DisableClientMultiStatements=false connectionID=3
time="2026-03-20T22:11:03Z" level=info msg=NewConnection DisableClientMultiStatements=false connectionID=4
time="2026-03-20T22:11:03Z" level=info msg=ConnectionClosed connectionID=3
time="2026-03-20T22:11:03Z" level=info msg=ConnectionClosed connectionID=4
time="2026-03-20T22:11:03Z" level=info msg=NewConnection DisableClientMultiStatements=false connectionID=5
time="2026-03-20T22:11:03Z" level=info msg=ConnectionClosed connectionID=5
time="2026-03-20T22:11:03Z" level=info msg="Server closing listener. No longer accepting connections."
time="2026-03-20T22:11:03Z" level=info msg="stats stopped: context canceled"
Starting server with Config HP="127.0.0.1:50714"|T="28800000"|R="false"|L="info"
time="2026-03-20T22:11:08Z" level=info msg="Server ready. Accepting connections."
time="2026-03-20T22:11:08Z" level=warning msg="secure_file_priv is set to \"\", which is insecure."
time="2026-03-20T22:11:08Z" level=warning msg="Any user with GRANT FILE privileges will be able to read any file which the sql-server process can read."
time="2026-03-20T22:11:08Z" level=warning msg="Please consider restarting the server with secure_file_priv set to a safe (or non-existent) directory."
time="2026-03-20T22:11:08Z" level=info msg=NewConnection DisableClientMultiStatements=false connectionID=1
time="2026-03-20T22:11:08Z" level=info msg=NewConnection DisableClientMultiStatements=false connectionID=2
time="2026-03-20T22:11:08Z" level=info msg=ConnectionClosed connectionID=1
time="2026-03-20T22:11:08Z" level=info msg=ConnectionClosed connectionID=2
time="2026-03-20T22:11:08Z" level=info msg=NewConnection DisableClientMultiStatements=false connectionID=3
time="2026-03-20T22:11:08Z" level=info msg=NewConnection DisableClientMultiStatements=false connectionID=4
time="2026-03-20T22:11:08Z" level=info msg=ConnectionClosed connectionID=3
time="2026-03-20T22:11:08Z" level=info msg=ConnectionClosed connectionID=4
time="2026-03-20T22:11:08Z" level=info msg=NewConnection DisableClientMultiStatements=false connectionID=5
time="2026-03-20T22:11:08Z" level=info msg="Server closing listener. No longer accepting connections."
time="2026-03-20T22:11:08Z" level=info msg=ConnectionClosed connectionID=5
time="2026-03-20T22:11:08Z" level=info msg="stats stopped: context canceled"
Starting server with Config HP="127.0.0.1:50733"|T="28800000"|R="false"|L="info"
time="2026-03-20T22:11:13Z" level=info msg="Server ready. Accepting connections."
time="2026-03-20T22:11:13Z" level=warning msg="secure_file_priv is set to \"\", which is insecure."
time="2026-03-20T22:11:13Z" level=warning msg="Any user with GRANT FILE privileges will be able to read any file which the sql-server process can read."
time="2026-03-20T22:11:13Z" level=warning msg="Please consider restarting the server with secure_file_priv set to a safe (or non-existent) directory."
time="2026-03-20T22:11:14Z" level=info msg=NewConnection DisableClientMultiStatements=false connectionID=1
time="2026-03-20T22:11:14Z" level=info msg=ConnectionClosed connectionID=1
time="2026-03-20T22:11:14Z" level=info msg=NewConnection DisableClientMultiStatements=false connectionID=2
time="2026-03-20T22:11:14Z" level=info msg=ConnectionClosed connectionID=2
time="2026-03-20T22:11:14Z" level=info msg=NewConnection DisableClientMultiStatements=false connectionID=3
time="2026-03-20T22:11:14Z" level=info msg=NewConnection DisableClientMultiStatements=false connectionID=4
time="2026-03-20T22:11:14Z" level=info msg=ConnectionClosed connectionID=3
time="2026-03-20T22:11:14Z" level=info msg=ConnectionClosed connectionID=4
time="2026-03-20T22:11:14Z" level=info msg=NewConnection DisableClientMultiStatements=false connectionID=5
time="2026-03-20T22:11:14Z" level=info msg=ConnectionClosed connectionID=5
time="2026-03-20T22:11:14Z" level=info msg="Server closing listener. No longer accepting connections."
time="2026-03-20T22:11:14Z" level=info msg="stats stopped: context canceled"
Starting server with Config HP="127.0.0.1:50753"|T="28800000"|R="false"|L="info"
time="2026-03-20T22:11:19Z" level=info msg="Server ready. Accepting connections."
time="2026-03-20T22:11:19Z" level=warning msg="secure_file_priv is set to \"\", which is insecure."
time="2026-03-20T22:11:19Z" level=warning msg="Any user with GRANT FILE privileges will be able to read any file which the sql-server process can read."
time="2026-03-20T22:11:19Z" level=warning msg="Please consider restarting the server with secure_file_priv set to a safe (or non-existent) directory."
time="2026-03-20T22:11:19Z" level=info msg=NewConnection DisableClientMultiStatements=false connectionID=1
time="2026-03-20T22:11:19Z" level=info msg=ConnectionClosed connectionID=1
time="2026-03-20T22:11:19Z" level=info msg=NewConnection DisableClientMultiStatements=false connectionID=2
time="2026-03-20T22:11:19Z" level=info msg=ConnectionClosed connectionID=2
time="2026-03-20T22:11:19Z" level=info msg=NewConnection DisableClientMultiStatements=false connectionID=3
time="2026-03-20T22:11:19Z" level=info msg=NewConnection DisableClientMultiStatements=false connectionID=4
time="2026-03-20T22:11:19Z" level=info msg=ConnectionClosed connectionID=3
time="2026-03-20T22:11:19Z" level=info msg=ConnectionClosed connectionID=4
time="2026-03-20T22:11:19Z" level=info msg=NewConnection DisableClientMultiStatements=false connectionID=5
time="2026-03-20T22:11:19Z" level=info msg="Server closing listener. No longer accepting connections."
time="2026-03-20T22:11:19Z" level=info msg=ConnectionClosed connectionID=5
time="2026-03-20T22:11:19Z" level=info msg="stats stopped: context canceled"
Starting server with Config HP="127.0.0.1:50770"|T="28800000"|R="false"|L="info"
time="2026-03-20T22:11:24Z" level=info msg="Server ready. Accepting connections."
time="2026-03-20T22:11:24Z" level=warning msg="secure_file_priv is set to \"\", which is insecure."
time="2026-03-20T22:11:24Z" level=warning msg="Any user with GRANT FILE privileges will be able to read any file which the sql-server process can read."
time="2026-03-20T22:11:24Z" level=warning msg="Please consider restarting the server with secure_file_priv set to a safe (or non-existent) directory."
time="2026-03-20T22:11:24Z" level=info msg=NewConnection DisableClientMultiStatements=false connectionID=1
time="2026-03-20T22:11:24Z" level=info msg=ConnectionClosed connectionID=1
time="2026-03-20T22:11:24Z" level=info msg=NewConnection DisableClientMultiStatements=false connectionID=2
time="2026-03-20T22:11:24Z" level=info msg=ConnectionClosed connectionID=2
time="2026-03-20T22:11:24Z" level=info msg=NewConnection DisableClientMultiStatements=false connectionID=3
time="2026-03-20T22:11:24Z" level=info msg=NewConnection DisableClientMultiStatements=false connectionID=4
time="2026-03-20T22:11:24Z" level=info msg=ConnectionClosed connectionID=3
time="2026-03-20T22:11:24Z" level=info msg=ConnectionClosed connectionID=4
time="2026-03-20T22:11:24Z" level=info msg=NewConnection DisableClientMultiStatements=false connectionID=5
time="2026-03-20T22:11:24Z" level=info msg=ConnectionClosed connectionID=5
time="2026-03-20T22:11:24Z" level=info msg="Server closing listener. No longer accepting connections."
time="2026-03-20T22:11:24Z" level=info msg="stats stopped: context canceled"
Starting server with Config HP="127.0.0.1:50790"|T="28800000"|R="false"|L="info"
time="2026-03-20T22:11:30Z" level=info msg="Server ready. Accepting connections."
time="2026-03-20T22:11:30Z" level=warning msg="secure_file_priv is set to \"\", which is insecure."
time="2026-03-20T22:11:30Z" level=warning msg="Any user with GRANT FILE privileges will be able to read any file which the sql-server process can read."
time="2026-03-20T22:11:30Z" level=warning msg="Please consider restarting the server with secure_file_priv set to a safe (or non-existent) directory."
time="2026-03-20T22:11:30Z" level=info msg=NewConnection DisableClientMultiStatements=false connectionID=1
time="2026-03-20T22:11:30Z" level=info msg=NewConnection DisableClientMultiStatements=false connectionID=2
time="2026-03-20T22:11:30Z" level=info msg=ConnectionClosed connectionID=2
time="2026-03-20T22:11:30Z" level=info msg=ConnectionClosed connectionID=1
time="2026-03-20T22:11:30Z" level=info msg=NewConnection DisableClientMultiStatements=false connectionID=3
time="2026-03-20T22:11:30Z" level=info msg=NewConnection DisableClientMultiStatements=false connectionID=4
time="2026-03-20T22:11:30Z" level=info msg=ConnectionClosed connectionID=3
time="2026-03-20T22:11:30Z" level=info msg=ConnectionClosed connectionID=4
time="2026-03-20T22:11:30Z" level=info msg=NewConnection DisableClientMultiStatements=false connectionID=5
time="2026-03-20T22:11:30Z" level=info msg=ConnectionClosed connectionID=5
time="2026-03-20T22:11:30Z" level=info msg="Server closing listener. No longer accepting connections."
time="2026-03-20T22:11:30Z" level=info msg="stats stopped: context canceled"
Starting server with Config HP="127.0.0.1:50811"|T="28800000"|R="false"|L="info"
time="2026-03-20T22:11:35Z" level=info msg="Server ready. Accepting connections."
time="2026-03-20T22:11:35Z" level=warning msg="secure_file_priv is set to \"\", which is insecure."
time="2026-03-20T22:11:35Z" level=warning msg="Any user with GRANT FILE privileges will be able to read any file which the sql-server process can read."
time="2026-03-20T22:11:35Z" level=warning msg="Please consider restarting the server with secure_file_priv set to a safe (or non-existent) directory."
time="2026-03-20T22:11:35Z" level=info msg=NewConnection DisableClientMultiStatements=false connectionID=1
time="2026-03-20T22:11:35Z" level=info msg=ConnectionClosed connectionID=1
time="2026-03-20T22:11:35Z" level=info msg=NewConnection DisableClientMultiStatements=false connectionID=2
time="2026-03-20T22:11:35Z" level=info msg=ConnectionClosed connectionID=2
time="2026-03-20T22:11:35Z" level=info msg=NewConnection DisableClientMultiStatements=false connectionID=3
time="2026-03-20T22:11:35Z" level=info msg=NewConnection DisableClientMultiStatements=false connectionID=4
time="2026-03-20T22:11:35Z" level=info msg=ConnectionClosed connectionID=3
time="2026-03-20T22:11:35Z" level=info msg=ConnectionClosed connectionID=4
time="2026-03-20T22:11:35Z" level=info msg=NewConnection DisableClientMultiStatements=false connectionID=5
time="2026-03-20T22:11:35Z" level=info msg=ConnectionClosed connectionID=5
time="2026-03-20T22:11:35Z" level=info msg="Server closing listener. No longer accepting connections."
time="2026-03-20T22:11:35Z" level=info msg="stats stopped: context canceled"
Starting server with Config HP="127.0.0.1:50829"|T="28800000"|R="false"|L="info"
time="2026-03-20T22:11:41Z" level=info msg="Server ready. Accepting connections."
time="2026-03-20T22:11:41Z" level=warning msg="secure_file_priv is set to \"\", which is insecure."
time="2026-03-20T22:11:41Z" level=warning msg="Any user with GRANT FILE privileges will be able to read any file which the sql-server process can read."
time="2026-03-20T22:11:41Z" level=warning msg="Please consider restarting the server with secure_file_priv set to a safe (or non-existent) directory."
time="2026-03-20T22:11:41Z" level=info msg=NewConnection DisableClientMultiStatements=false connectionID=1
time="2026-03-20T22:11:41Z" level=info msg=NewConnection DisableClientMultiStatements=false connectionID=2
time="2026-03-20T22:11:41Z" level=info msg=ConnectionClosed connectionID=1
time="2026-03-20T22:11:41Z" level=info msg=ConnectionClosed connectionID=2
time="2026-03-20T22:11:41Z" level=info msg=NewConnection DisableClientMultiStatements=false connectionID=3
time="2026-03-20T22:11:41Z" level=info msg=NewConnection DisableClientMultiStatements=false connectionID=4
time="2026-03-20T22:11:41Z" level=info msg=ConnectionClosed connectionID=3
time="2026-03-20T22:11:41Z" level=info msg=ConnectionClosed connectionID=4
time="2026-03-20T22:11:41Z" level=info msg=NewConnection DisableClientMultiStatements=false connectionID=5
time="2026-03-20T22:11:41Z" level=info msg=ConnectionClosed connectionID=5
time="2026-03-20T22:11:41Z" level=info msg="Server closing listener. No longer accepting connections."
time="2026-03-20T22:11:41Z" level=info msg="stats stopped: context canceled"
Starting server with Config HP="127.0.0.1:50848"|T="28800000"|R="false"|L="info"
time="2026-03-20T22:11:46Z" level=info msg="Server ready. Accepting connections."
time="2026-03-20T22:11:46Z" level=warning msg="secure_file_priv is set to \"\", which is insecure."
time="2026-03-20T22:11:46Z" level=warning msg="Any user with GRANT FILE privileges will be able to read any file which the sql-server process can read."
time="2026-03-20T22:11:46Z" level=warning msg="Please consider restarting the server with secure_file_priv set to a safe (or non-existent) directory."
time="2026-03-20T22:11:46Z" level=info msg=NewConnection DisableClientMultiStatements=false connectionID=1
time="2026-03-20T22:11:46Z" level=info msg=ConnectionClosed connectionID=1
time="2026-03-20T22:11:46Z" level=info msg=NewConnection DisableClientMultiStatements=false connectionID=2
time="2026-03-20T22:11:46Z" level=info msg=ConnectionClosed connectionID=2
time="2026-03-20T22:11:46Z" level=info msg=NewConnection DisableClientMultiStatements=false connectionID=3
time="2026-03-20T22:11:46Z" level=info msg=NewConnection DisableClientMultiStatements=false connectionID=4
time="2026-03-20T22:11:46Z" level=info msg=ConnectionClosed connectionID=3
time="2026-03-20T22:11:46Z" level=info msg=ConnectionClosed connectionID=4
time="2026-03-20T22:11:46Z" level=info msg=NewConnection DisableClientMultiStatements=false connectionID=5
time="2026-03-20T22:11:46Z" level=info msg="Server closing listener. No longer accepting connections."
time="2026-03-20T22:11:46Z" level=info msg=ConnectionClosed connectionID=5
time="2026-03-20T22:11:46Z" level=info msg="stats stopped: context canceled"
Starting server with Config HP="127.0.0.1:50880"|T="28800000"|R="false"|L="info"
time="2026-03-20T22:11:50Z" level=info msg="Server ready. Accepting connections."
time="2026-03-20T22:11:50Z" level=warning msg="secure_file_priv is set to \"\", which is insecure."
time="2026-03-20T22:11:50Z" level=warning msg="Any user with GRANT FILE privileges will be able to read any file which the sql-server process can read."
time="2026-03-20T22:11:50Z" level=warning msg="Please consider restarting the server with secure_file_priv set to a safe (or non-existent) directory."
time="2026-03-20T22:11:50Z" level=info msg=NewConnection DisableClientMultiStatements=false connectionID=1
time="2026-03-20T22:11:50Z" level=info msg=ConnectionClosed connectionID=1
time="2026-03-20T22:11:50Z" level=info msg=NewConnection DisableClientMultiStatements=false connectionID=2
time="2026-03-20T22:11:50Z" level=info msg=ConnectionClosed connectionID=2
time="2026-03-20T22:11:50Z" level=info msg=NewConnection DisableClientMultiStatements=false connectionID=3
time="2026-03-20T22:11:50Z" level=info msg=NewConnection DisableClientMultiStatements=false connectionID=4
time="2026-03-20T22:11:50Z" level=info msg=ConnectionClosed connectionID=3
time="2026-03-20T22:11:50Z" level=warning msg="error running query" connectTime="2026-03-20 22:11:50.849246 +0000 GMT m=+0.195443251" connectionDb=human_hum connectionID=4 error="nothing to commit" queryTime="2026-03-20 22:11:50.867818 +0000 GMT m=+0.214015418"
time="2026-03-20T22:11:51Z" level=info msg=NewConnection DisableClientMultiStatements=false connectionID=5
time="2026-03-20T22:11:51Z" level=info msg=ConnectionClosed connectionID=5
time="2026-03-20T22:11:51Z" level=info msg=NewConnection DisableClientMultiStatements=false connectionID=6
time="2026-03-20T22:11:51Z" level=info msg=ConnectionClosed connectionID=6
time="2026-03-20T22:11:51Z" level=info msg=ConnectionClosed connectionID=4
time="2026-03-20T22:11:51Z" level=info msg=NewConnection DisableClientMultiStatements=false connectionID=7
time="2026-03-20T22:11:51Z" level=info msg=ConnectionClosed connectionID=7
time="2026-03-20T22:11:51Z" level=info msg="Server closing listener. No longer accepting connections."
time="2026-03-20T22:11:51Z" level=info msg="stats stopped: context canceled"
Starting server with Config HP="127.0.0.1:50931"|T="28800000"|R="false"|L="info"
time="2026-03-20T22:11:52Z" level=info msg="Server ready. Accepting connections."
time="2026-03-20T22:11:52Z" level=warning msg="secure_file_priv is set to \"\", which is insecure."
time="2026-03-20T22:11:52Z" level=warning msg="Any user with GRANT FILE privileges will be able to read any file which the sql-server process can read."
time="2026-03-20T22:11:52Z" level=warning msg="Please consider restarting the server with secure_file_priv set to a safe (or non-existent) directory."
time="2026-03-20T22:11:52Z" level=info msg=NewConnection DisableClientMultiStatements=false connectionID=1
time="2026-03-20T22:11:52Z" level=info msg=ConnectionClosed connectionID=1
time="2026-03-20T22:11:52Z" level=info msg=NewConnection DisableClientMultiStatements=false connectionID=2
time="2026-03-20T22:11:52Z" level=info msg=ConnectionClosed connectionID=2
time="2026-03-20T22:11:52Z" level=info msg=NewConnection DisableClientMultiStatements=false connectionID=3
time="2026-03-20T22:11:52Z" level=info msg=NewConnection DisableClientMultiStatements=false connectionID=4
time="2026-03-20T22:11:52Z" level=info msg=ConnectionClosed connectionID=3
time="2026-03-20T22:11:52Z" level=info msg=ConnectionClosed connectionID=4
time="2026-03-20T22:11:52Z" level=info msg=NewConnection DisableClientMultiStatements=false connectionID=5
time="2026-03-20T22:11:52Z" level=info msg=ConnectionClosed connectionID=5
time="2026-03-20T22:11:52Z" level=info msg="Server closing listener. No longer accepting connections."
time="2026-03-20T22:11:52Z" level=info msg="stats stopped: context canceled"
Starting server with Config HP="127.0.0.1:50950"|T="28800000"|R="false"|L="info"
time="2026-03-20T22:11:57Z" level=info msg="Server ready. Accepting connections."
time="2026-03-20T22:11:57Z" level=warning msg="secure_file_priv is set to \"\", which is insecure."
time="2026-03-20T22:11:57Z" level=warning msg="Any user with GRANT FILE privileges will be able to read any file which the sql-server process can read."
time="2026-03-20T22:11:57Z" level=warning msg="Please consider restarting the server with secure_file_priv set to a safe (or non-existent) directory."
time="2026-03-20T22:11:57Z" level=info msg=NewConnection DisableClientMultiStatements=false connectionID=1
time="2026-03-20T22:11:57Z" level=info msg=ConnectionClosed connectionID=1
time="2026-03-20T22:11:57Z" level=info msg=NewConnection DisableClientMultiStatements=false connectionID=2
time="2026-03-20T22:11:57Z" level=info msg=ConnectionClosed connectionID=2
time="2026-03-20T22:11:57Z" level=info msg=NewConnection DisableClientMultiStatements=false connectionID=3
time="2026-03-20T22:11:57Z" level=info msg=NewConnection DisableClientMultiStatements=false connectionID=4
time="2026-03-20T22:11:57Z" level=info msg=ConnectionClosed connectionID=3
time="2026-03-20T22:11:57Z" level=info msg=ConnectionClosed connectionID=4
time="2026-03-20T22:11:57Z" level=info msg=NewConnection DisableClientMultiStatements=false connectionID=5
time="2026-03-20T22:11:57Z" level=info msg=ConnectionClosed connectionID=5
time="2026-03-20T22:11:57Z" level=info msg="Server closing listener. No longer accepting connections."
time="2026-03-20T22:11:57Z" level=info msg="stats stopped: context canceled"
Starting server with Config HP="127.0.0.1:50976"|T="28800000"|R="false"|L="info"
time="2026-03-20T22:12:03Z" level=info msg="Server ready. Accepting connections."
time="2026-03-20T22:12:03Z" level=warning msg="secure_file_priv is set to \"\", which is insecure."
time="2026-03-20T22:12:03Z" level=warning msg="Any user with GRANT FILE privileges will be able to read any file which the sql-server process can read."
time="2026-03-20T22:12:03Z" level=warning msg="Please consider restarting the server with secure_file_priv set to a safe (or non-existent) directory."
time="2026-03-20T22:12:03Z" level=info msg=NewConnection DisableClientMultiStatements=false connectionID=1
time="2026-03-20T22:12:03Z" level=info msg=NewConnection DisableClientMultiStatements=false connectionID=3
time="2026-03-20T22:12:03Z" level=info msg=NewConnection DisableClientMultiStatements=false connectionID=2
time="2026-03-20T22:12:03Z" level=info msg=ConnectionClosed connectionID=1
time="2026-03-20T22:12:03Z" level=info msg=ConnectionClosed connectionID=2
time="2026-03-20T22:12:03Z" level=info msg=NewConnection DisableClientMultiStatements=false connectionID=4
time="2026-03-20T22:12:03Z" level=info msg=ConnectionClosed connectionID=3
time="2026-03-20T22:12:03Z" level=info msg=ConnectionClosed connectionID=4
time="2026-03-20T22:12:03Z" level=info msg=NewConnection DisableClientMultiStatements=false connectionID=5
time="2026-03-20T22:12:03Z" level=info msg="Server closing listener. No longer accepting connections."
time="2026-03-20T22:12:03Z" level=info msg=ConnectionClosed connectionID=5
time="2026-03-20T22:12:03Z" level=info msg="stats stopped: context canceled"
Starting server with Config HP="127.0.0.1:50995"|T="28800000"|R="false"|L="info"
time="2026-03-20T22:12:08Z" level=info msg="Server ready. Accepting connections."
time="2026-03-20T22:12:08Z" level=warning msg="secure_file_priv is set to \"\", which is insecure."
time="2026-03-20T22:12:08Z" level=warning msg="Any user with GRANT FILE privileges will be able to read any file which the sql-server process can read."
time="2026-03-20T22:12:08Z" level=warning msg="Please consider restarting the server with secure_file_priv set to a safe (or non-existent) directory."
time="2026-03-20T22:12:08Z" level=info msg=NewConnection DisableClientMultiStatements=false connectionID=1
time="2026-03-20T22:12:08Z" level=info msg=ConnectionClosed connectionID=1
time="2026-03-20T22:12:08Z" level=info msg=NewConnection DisableClientMultiStatements=false connectionID=2
time="2026-03-20T22:12:08Z" level=info msg=ConnectionClosed connectionID=2
time="2026-03-20T22:12:08Z" level=info msg=NewConnection DisableClientMultiStatements=false connectionID=3
time="2026-03-20T22:12:08Z" level=info msg=NewConnection DisableClientMultiStatements=false connectionID=4
time="2026-03-20T22:12:08Z" level=info msg=ConnectionClosed connectionID=3
time="2026-03-20T22:12:08Z" level=info msg=ConnectionClosed connectionID=4
time="2026-03-20T22:12:08Z" level=info msg=NewConnection DisableClientMultiStatements=false connectionID=5
time="2026-03-20T22:12:08Z" level=info msg=ConnectionClosed connectionID=5
time="2026-03-20T22:12:08Z" level=info msg="Server closing listener. No longer accepting connections."
time="2026-03-20T22:12:08Z" level=info msg="stats stopped: context canceled"
Starting server with Config HP="127.0.0.1:51013"|T="28800000"|R="false"|L="info"
time="2026-03-20T22:12:13Z" level=info msg="Server ready. Accepting connections."
time="2026-03-20T22:12:13Z" level=warning msg="secure_file_priv is set to \"\", which is insecure."
time="2026-03-20T22:12:13Z" level=warning msg="Any user with GRANT FILE privileges will be able to read any file which the sql-server process can read."
time="2026-03-20T22:12:13Z" level=warning msg="Please consider restarting the server with secure_file_priv set to a safe (or non-existent) directory."
time="2026-03-20T22:12:13Z" level=info msg=NewConnection DisableClientMultiStatements=false connectionID=1
time="2026-03-20T22:12:13Z" level=info msg=ConnectionClosed connectionID=1
time="2026-03-20T22:12:13Z" level=info msg=NewConnection DisableClientMultiStatements=false connectionID=2
time="2026-03-20T22:12:13Z" level=info msg=ConnectionClosed connectionID=2
time="2026-03-20T22:12:13Z" level=info msg=NewConnection DisableClientMultiStatements=false connectionID=3
time="2026-03-20T22:12:13Z" level=info msg=NewConnection DisableClientMultiStatements=false connectionID=4
time="2026-03-20T22:12:13Z" level=info msg=ConnectionClosed connectionID=3
time="2026-03-20T22:12:14Z" level=info msg=ConnectionClosed connectionID=4
time="2026-03-20T22:12:14Z" level=info msg=NewConnection DisableClientMultiStatements=false connectionID=5
time="2026-03-20T22:12:14Z" level=info msg=ConnectionClosed connectionID=5
time="2026-03-20T22:12:14Z" level=info msg="Server closing listener. No longer accepting connections."
time="2026-03-20T22:12:14Z" level=info msg="stats stopped: context canceled"
Starting server with Config HP="127.0.0.1:51031"|T="28800000"|R="false"|L="info"
time="2026-03-20T22:12:19Z" level=info msg="Server ready. Accepting connections."
time="2026-03-20T22:12:19Z" level=warning msg="secure_file_priv is set to \"\", which is insecure."
time="2026-03-20T22:12:19Z" level=warning msg="Any user with GRANT FILE privileges will be able to read any file which the sql-server process can read."
time="2026-03-20T22:12:19Z" level=warning msg="Please consider restarting the server with secure_file_priv set to a safe (or non-existent) directory."
time="2026-03-20T22:12:19Z" level=info msg=NewConnection DisableClientMultiStatements=false connectionID=1
time="2026-03-20T22:12:19Z" level=info msg=ConnectionClosed connectionID=1
time="2026-03-20T22:12:19Z" level=info msg=NewConnection DisableClientMultiStatements=false connectionID=2
time="2026-03-20T22:12:19Z" level=info msg=ConnectionClosed connectionID=2
time="2026-03-20T22:12:19Z" level=info msg=NewConnection DisableClientMultiStatements=false connectionID=3
time="2026-03-20T22:12:19Z" level=info msg=NewConnection DisableClientMultiStatements=false connectionID=4
time="2026-03-20T22:12:19Z" level=info msg=ConnectionClosed connectionID=3
time="2026-03-20T22:12:19Z" level=warning msg="error running query" connectTime="2026-03-20 22:12:19.508006 +0000 GMT m=+0.196209918" connectionDb=human_hum connectionID=4 error="nothing to commit" queryTime="2026-03-20 22:12:19.522981 +0000 GMT m=+0.211184835"
time="2026-03-20T22:12:19Z" level=info msg=NewConnection DisableClientMultiStatements=false connectionID=5
time="2026-03-20T22:12:19Z" level=info msg=ConnectionClosed connectionID=5
time="2026-03-20T22:12:19Z" level=info msg=NewConnection DisableClientMultiStatements=false connectionID=6
time="2026-03-20T22:12:19Z" level=info msg=ConnectionClosed connectionID=6
time="2026-03-20T22:12:19Z" level=info msg=ConnectionClosed connectionID=4
time="2026-03-20T22:12:19Z" level=info msg=NewConnection DisableClientMultiStatements=false connectionID=7
time="2026-03-20T22:12:19Z" level=info msg="Server closing listener. No longer accepting connections."
time="2026-03-20T22:12:19Z" level=info msg=ConnectionClosed connectionID=7
time="2026-03-20T22:12:19Z" level=info msg="stats stopped: context canceled"
Starting server with Config HP="127.0.0.1:51056"|T="28800000"|R="false"|L="info"
time="2026-03-20T22:12:25Z" level=info msg="Server ready. Accepting connections."
time="2026-03-20T22:12:25Z" level=warning msg="secure_file_priv is set to \"\", which is insecure."
time="2026-03-20T22:12:25Z" level=warning msg="Any user with GRANT FILE privileges will be able to read any file which the sql-server process can read."
time="2026-03-20T22:12:25Z" level=warning msg="Please consider restarting the server with secure_file_priv set to a safe (or non-existent) directory."
time="2026-03-20T22:12:25Z" level=info msg=NewConnection DisableClientMultiStatements=false connectionID=1
time="2026-03-20T22:12:25Z" level=info msg=ConnectionClosed connectionID=1
time="2026-03-20T22:12:25Z" level=info msg=NewConnection DisableClientMultiStatements=false connectionID=2
time="2026-03-20T22:12:25Z" level=info msg=ConnectionClosed connectionID=2
time="2026-03-20T22:12:25Z" level=info msg=NewConnection DisableClientMultiStatements=false connectionID=3
time="2026-03-20T22:12:25Z" level=info msg=NewConnection DisableClientMultiStatements=false connectionID=4
time="2026-03-20T22:12:25Z" level=info msg=ConnectionClosed connectionID=3
time="2026-03-20T22:12:25Z" level=info msg=ConnectionClosed connectionID=4
time="2026-03-20T22:12:25Z" level=info msg=NewConnection DisableClientMultiStatements=false connectionID=5
time="2026-03-20T22:12:25Z" level=info msg=ConnectionClosed connectionID=5
time="2026-03-20T22:12:25Z" level=info msg="Server closing listener. No longer accepting connections."
time="2026-03-20T22:12:25Z" level=info msg="stats stopped: context canceled"
Starting server with Config HP="127.0.0.1:51076"|T="28800000"|R="false"|L="info"
time="2026-03-20T22:12:30Z" level=info msg="Server ready. Accepting connections."
time="2026-03-20T22:12:30Z" level=warning msg="secure_file_priv is set to \"\", which is insecure."
time="2026-03-20T22:12:30Z" level=warning msg="Any user with GRANT FILE privileges will be able to read any file which the sql-server process can read."
time="2026-03-20T22:12:30Z" level=warning msg="Please consider restarting the server with secure_file_priv set to a safe (or non-existent) directory."
time="2026-03-20T22:12:30Z" level=info msg=NewConnection DisableClientMultiStatements=false connectionID=1
time="2026-03-20T22:12:30Z" level=info msg=ConnectionClosed connectionID=1
time="2026-03-20T22:12:30Z" level=info msg=NewConnection DisableClientMultiStatements=false connectionID=2
time="2026-03-20T22:12:30Z" level=info msg=ConnectionClosed connectionID=2
time="2026-03-20T22:12:30Z" level=info msg=NewConnection DisableClientMultiStatements=false connectionID=3
time="2026-03-20T22:12:30Z" level=info msg=NewConnection DisableClientMultiStatements=false connectionID=4
time="2026-03-20T22:12:30Z" level=info msg=ConnectionClosed connectionID=3
time="2026-03-20T22:12:30Z" level=warning msg="error running query" connectTime="2026-03-20 22:12:30.831249 +0000 GMT m=+0.197717084" connectionDb=human_hum connectionID=4 error="nothing to commit" queryTime="2026-03-20 22:12:30.840633 +0000 GMT m=+0.207100501"
time="2026-03-20T22:12:30Z" level=info msg=NewConnection DisableClientMultiStatements=false connectionID=5
time="2026-03-20T22:12:30Z" level=info msg=ConnectionClosed connectionID=5
time="2026-03-20T22:12:31Z" level=info msg=NewConnection DisableClientMultiStatements=false connectionID=6
time="2026-03-20T22:12:31Z" level=info msg=ConnectionClosed connectionID=6
time="2026-03-20T22:12:31Z" level=info msg=ConnectionClosed connectionID=4
time="2026-03-20T22:12:31Z" level=info msg=NewConnection DisableClientMultiStatements=false connectionID=7
time="2026-03-20T22:12:31Z" level=info msg=ConnectionClosed connectionID=7
time="2026-03-20T22:12:31Z" level=info msg="Server closing listener. No longer accepting connections."
time="2026-03-20T22:12:31Z" level=info msg="stats stopped: context canceled"
Starting server with Config HP="127.0.0.1:51104"|T="28800000"|R="false"|L="info"
time="2026-03-20T22:12:36Z" level=info msg="Server ready. Accepting connections."
time="2026-03-20T22:12:36Z" level=warning msg="secure_file_priv is set to \"\", which is insecure."
time="2026-03-20T22:12:36Z" level=warning msg="Any user with GRANT FILE privileges will be able to read any file which the sql-server process can read."
time="2026-03-20T22:12:36Z" level=warning msg="Please consider restarting the server with secure_file_priv set to a safe (or non-existent) directory."
time="2026-03-20T22:12:36Z" level=info msg=NewConnection DisableClientMultiStatements=false connectionID=1
time="2026-03-20T22:12:36Z" level=info msg=ConnectionClosed connectionID=1
time="2026-03-20T22:12:36Z" level=info msg=NewConnection DisableClientMultiStatements=false connectionID=2
time="2026-03-20T22:12:36Z" level=info msg=ConnectionClosed connectionID=2
time="2026-03-20T22:12:36Z" level=info msg=NewConnection DisableClientMultiStatements=false connectionID=3
time="2026-03-20T22:12:36Z" level=info msg=NewConnection DisableClientMultiStatements=false connectionID=4
time="2026-03-20T22:12:36Z" level=info msg=ConnectionClosed connectionID=3
time="2026-03-20T22:12:36Z" level=info msg=ConnectionClosed connectionID=4
time="2026-03-20T22:12:36Z" level=info msg=NewConnection DisableClientMultiStatements=false connectionID=5
time="2026-03-20T22:12:36Z" level=info msg=ConnectionClosed connectionID=5
time="2026-03-20T22:12:36Z" level=info msg="Server closing listener. No longer accepting connections."
time="2026-03-20T22:12:36Z" level=info msg="stats stopped: context canceled"
Starting server with Config HP="127.0.0.1:51258"|T="28800000"|R="false"|L="info"
time="2026-03-20T22:16:24Z" level=info msg="Server ready. Accepting connections."
time="2026-03-20T22:16:24Z" level=warning msg="secure_file_priv is set to \"\", which is insecure."
time="2026-03-20T22:16:24Z" level=warning msg="Any user with GRANT FILE privileges will be able to read any file which the sql-server process can read."
time="2026-03-20T22:16:24Z" level=warning msg="Please consider restarting the server with secure_file_priv set to a safe (or non-existent) directory."
time="2026-03-20T22:16:24Z" level=info msg=NewConnection DisableClientMultiStatements=false connectionID=2
time="2026-03-20T22:16:24Z" level=info msg=NewConnection DisableClientMultiStatements=false connectionID=1
time="2026-03-20T22:16:24Z" level=info msg=ConnectionClosed connectionID=2
time="2026-03-20T22:16:24Z" level=info msg=ConnectionClosed connectionID=1
time="2026-03-20T22:16:24Z" level=info msg=NewConnection DisableClientMultiStatements=false connectionID=3
time="2026-03-20T22:16:24Z" level=info msg=NewConnection DisableClientMultiStatements=false connectionID=4
time="2026-03-20T22:16:24Z" level=info msg=ConnectionClosed connectionID=3
time="2026-03-20T22:16:24Z" level=info msg=NewConnection DisableClientMultiStatements=false connectionID=5
time="2026-03-20T22:16:24Z" level=info msg=ConnectionClosed connectionID=5
time="2026-03-20T22:16:24Z" level=info msg=NewConnection DisableClientMultiStatements=false connectionID=6
time="2026-03-20T22:16:24Z" level=warning msg="error running query" connectTime="2026-03-20 22:16:24.209896 +0000 GMT m=+0.193231459" connectionDb=human_hum connectionID=4 error="nothing to commit" queryTime="2026-03-20 22:16:24.239017 +0000 GMT m=+0.222352042"
time="2026-03-20T22:16:24Z" level=info msg=NewConnection DisableClientMultiStatements=false connectionID=7
time="2026-03-20T22:16:24Z" level=info msg=ConnectionClosed connectionID=6
time="2026-03-20T22:16:24Z" level=warning msg="error running query" connectTime="2026-03-20 22:16:24.240024 +0000 GMT m=+0.223359251" connectionDb=human_hum connectionID=7 error="nothing to commit" queryTime="2026-03-20 22:16:24.249741 +0000 GMT m=+0.233076501"
time="2026-03-20T22:16:24Z" level=info msg=NewConnection DisableClientMultiStatements=false connectionID=8
time="2026-03-20T22:16:24Z" level=info msg=NewConnection DisableClientMultiStatements=false connectionID=9
time="2026-03-20T22:16:24Z" level=info msg=ConnectionClosed connectionID=8
time="2026-03-20T22:16:24Z" level=info msg=ConnectionClosed connectionID=9
time="2026-03-20T22:16:24Z" level=info msg=NewConnection DisableClientMultiStatements=false connectionID=10
time="2026-03-20T22:16:24Z" level=info msg=ConnectionClosed connectionID=10
time="2026-03-20T22:16:24Z" level=info msg=NewConnection DisableClientMultiStatements=false connectionID=11
time="2026-03-20T22:16:24Z" level=info msg=ConnectionClosed connectionID=11
time="2026-03-20T22:16:24Z" level=info msg=ConnectionClosed connectionID=4
time="2026-03-20T22:16:24Z" level=info msg=ConnectionClosed connectionID=7
time="2026-03-20T22:16:24Z" level=info msg=NewConnection DisableClientMultiStatements=false connectionID=12
time="2026-03-20T22:16:24Z" level=info msg=NewConnection DisableClientMultiStatements=false connectionID=13
time="2026-03-20T22:16:24Z" level=info msg=ConnectionClosed connectionID=12
time="2026-03-20T22:16:24Z" level=info msg="Server closing listener. No longer accepting connections."
time="2026-03-20T22:16:24Z" level=error msg="Error writing ComPing error to client 13 (127.0.0.1:51308): set tcp 127.0.0.1:51258: use of closed network connection\nWrite(packet) failed\nconn 13"
time="2026-03-20T22:16:24Z" level=info msg=ConnectionClosed connectionID=13
time="2026-03-20T22:16:24Z" level=info msg="stats stopped: context canceled"
Starting server with Config HP="127.0.0.1:51334"|T="28800000"|R="false"|L="info"
time="2026-03-20T22:17:24Z" level=info msg="Server ready. Accepting connections."
time="2026-03-20T22:17:24Z" level=warning msg="secure_file_priv is set to \"\", which is insecure."
time="2026-03-20T22:17:24Z" level=warning msg="Any user with GRANT FILE privileges will be able to read any file which the sql-server process can read."
time="2026-03-20T22:17:24Z" level=warning msg="Please consider restarting the server with secure_file_priv set to a safe (or non-existent) directory."
time="2026-03-20T22:17:24Z" level=info msg=NewConnection DisableClientMultiStatements=false connectionID=1
time="2026-03-20T22:17:24Z" level=info msg=NewConnection DisableClientMultiStatements=false connectionID=2
time="2026-03-20T22:17:24Z" level=info msg=ConnectionClosed connectionID=2
time="2026-03-20T22:17:24Z" level=info msg=ConnectionClosed connectionID=1
time="2026-03-20T22:17:24Z" level=info msg=NewConnection DisableClientMultiStatements=false connectionID=3
time="2026-03-20T22:17:24Z" level=info msg=NewConnection DisableClientMultiStatements=false connectionID=4
time="2026-03-20T22:17:24Z" level=info msg=ConnectionClosed connectionID=3
time="2026-03-20T22:17:24Z" level=warning msg="error running query" connectTime="2026-03-20 22:17:24.905945 +0000 GMT m=+0.205172584" connectionDb=human_hum connectionID=4 error="nothing to commit" queryTime="2026-03-20 22:17:24.92308 +0000 GMT m=+0.222308168"
time="2026-03-20T22:17:25Z" level=info msg=NewConnection DisableClientMultiStatements=false connectionID=5
time="2026-03-20T22:17:25Z" level=info msg=ConnectionClosed connectionID=5
time="2026-03-20T22:17:25Z" level=info msg=NewConnection DisableClientMultiStatements=false connectionID=6
time="2026-03-20T22:17:25Z" level=info msg=ConnectionClosed connectionID=6
time="2026-03-20T22:17:25Z" level=info msg=ConnectionClosed connectionID=4
time="2026-03-20T22:17:25Z" level=info msg=NewConnection DisableClientMultiStatements=false connectionID=7
time="2026-03-20T22:17:25Z" level=info msg=ConnectionClosed connectionID=7
time="2026-03-20T22:17:25Z" level=info msg="Server closing listener. No longer accepting connections."
time="2026-03-20T22:17:25Z" level=info msg="stats stopped: context canceled"
Starting server with Config HP="127.0.0.1:51358"|T="28800000"|R="false"|L="info"
time="2026-03-20T22:17:35Z" level=info msg="Server ready. Accepting connections."
time="2026-03-20T22:17:35Z" level=warning msg="secure_file_priv is set to \"\", which is insecure."
time="2026-03-20T22:17:35Z" level=warning msg="Any user with GRANT FILE privileges will be able to read any file which the sql-server process can read."
time="2026-03-20T22:17:35Z" level=warning msg="Please consider restarting the server with secure_file_priv set to a safe (or non-existent) directory."
time="2026-03-20T22:17:35Z" level=info msg=NewConnection DisableClientMultiStatements=false connectionID=1
time="2026-03-20T22:17:35Z" level=info msg=ConnectionClosed connectionID=1
time="2026-03-20T22:17:35Z" level=info msg=NewConnection DisableClientMultiStatements=false connectionID=2
time="2026-03-20T22:17:35Z" level=info msg=ConnectionClosed connectionID=2
time="2026-03-20T22:17:35Z" level=info msg=NewConnection DisableClientMultiStatements=false connectionID=3
time="2026-03-20T22:17:35Z" level=info msg=NewConnection DisableClientMultiStatements=false connectionID=4
time="2026-03-20T22:17:35Z" level=info msg=ConnectionClosed connectionID=3
time="2026-03-20T22:17:35Z" level=info msg=ConnectionClosed connectionID=4
time="2026-03-20T22:17:35Z" level=info msg=NewConnection DisableClientMultiStatements=false connectionID=5
time="2026-03-20T22:17:35Z" level=info msg="Server closing listener. No longer accepting connections."
time="2026-03-20T22:17:35Z" level=info msg=ConnectionClosed connectionID=5
time="2026-03-20T22:17:35Z" level=info msg="stats stopped: context canceled"
Starting server with Config HP="127.0.0.1:51385"|T="28800000"|R="false"|L="info"
time="2026-03-20T22:18:06Z" level=info msg="Server ready. Accepting connections."
time="2026-03-20T22:18:06Z" level=warning msg="secure_file_priv is set to \"\", which is insecure."
time="2026-03-20T22:18:06Z" level=warning msg="Any user with GRANT FILE privileges will be able to read any file which the sql-server process can read."
time="2026-03-20T22:18:06Z" level=warning msg="Please consider restarting the server with secure_file_priv set to a safe (or non-existent) directory."
time="2026-03-20T22:18:06Z" level=info msg=NewConnection DisableClientMultiStatements=false connectionID=2
time="2026-03-20T22:18:06Z" level=info msg=NewConnection DisableClientMultiStatements=false connectionID=1
time="2026-03-20T22:18:06Z" level=info msg=ConnectionClosed connectionID=2
time="2026-03-20T22:18:06Z" level=info msg=NewConnection DisableClientMultiStatements=false connectionID=3
time="2026-03-20T22:18:06Z" level=info msg=ConnectionClosed connectionID=1
time="2026-03-20T22:18:06Z" level=info msg=NewConnection DisableClientMultiStatements=false connectionID=4
time="2026-03-20T22:18:06Z" level=info msg=ConnectionClosed connectionID=3
time="2026-03-20T22:18:06Z" level=info msg=ConnectionClosed connectionID=4
time="2026-03-20T22:18:06Z" level=info msg=NewConnection DisableClientMultiStatements=false connectionID=5
time="2026-03-20T22:18:06Z" level=info msg=ConnectionClosed connectionID=5
time="2026-03-20T22:18:06Z" level=info msg="Server closing listener. No longer accepting connections."
time="2026-03-20T22:18:06Z" level=info msg="stats stopped: context canceled"
Starting server with Config HP="127.0.0.1:51401"|T="28800000"|R="false"|L="info"
time="2026-03-20T22:18:11Z" level=info msg="Server ready. Accepting connections."
time="2026-03-20T22:18:11Z" level=warning msg="secure_file_priv is set to \"\", which is insecure."
time="2026-03-20T22:18:11Z" level=warning msg="Any user with GRANT FILE privileges will be able to read any file which the sql-server process can read."
time="2026-03-20T22:18:11Z" level=warning msg="Please consider restarting the server with secure_file_priv set to a safe (or non-existent) directory."
time="2026-03-20T22:18:11Z" level=info msg=NewConnection DisableClientMultiStatements=false connectionID=1
time="2026-03-20T22:18:11Z" level=info msg=ConnectionClosed connectionID=1
time="2026-03-20T22:18:11Z" level=info msg=NewConnection DisableClientMultiStatements=false connectionID=2
time="2026-03-20T22:18:11Z" level=info msg=ConnectionClosed connectionID=2
time="2026-03-20T22:18:11Z" level=info msg=NewConnection DisableClientMultiStatements=false connectionID=3
time="2026-03-20T22:18:11Z" level=info msg=NewConnection DisableClientMultiStatements=false connectionID=4
time="2026-03-20T22:18:11Z" level=info msg=ConnectionClosed connectionID=3
time="2026-03-20T22:18:11Z" level=info msg=ConnectionClosed connectionID=4
time="2026-03-20T22:18:11Z" level=info msg=NewConnection DisableClientMultiStatements=false connectionID=5
time="2026-03-20T22:18:11Z" level=info msg="Server closing listener. No longer accepting connections."
time="2026-03-20T22:18:11Z" level=info msg=ConnectionClosed connectionID=5
time="2026-03-20T22:18:11Z" level=info msg="stats stopped: context canceled"
Starting server with Config HP="127.0.0.1:51421"|T="28800000"|R="false"|L="info"
time="2026-03-20T22:18:17Z" level=info msg="Server ready. Accepting connections."
time="2026-03-20T22:18:17Z" level=warning msg="secure_file_priv is set to \"\", which is insecure."
time="2026-03-20T22:18:17Z" level=warning msg="Any user with GRANT FILE privileges will be able to read any file which the sql-server process can read."
time="2026-03-20T22:18:17Z" level=warning msg="Please consider restarting the server with secure_file_priv set to a safe (or non-existent) directory."
time="2026-03-20T22:18:17Z" level=info msg=NewConnection DisableClientMultiStatements=false connectionID=1
time="2026-03-20T22:18:17Z" level=info msg=NewConnection DisableClientMultiStatements=false connectionID=2
time="2026-03-20T22:18:17Z" level=info msg=ConnectionClosed connectionID=1
time="2026-03-20T22:18:17Z" level=info msg=ConnectionClosed connectionID=2
time="2026-03-20T22:18:17Z" level=info msg=NewConnection DisableClientMultiStatements=false connectionID=3
time="2026-03-20T22:18:17Z" level=info msg=NewConnection DisableClientMultiStatements=false connectionID=4
time="2026-03-20T22:18:17Z" level=info msg=ConnectionClosed connectionID=3
time="2026-03-20T22:18:17Z" level=warning msg="error running query" connectTime="2026-03-20 22:18:17.179064 +0000 GMT m=+0.193697835" connectionDb=human_hum connectionID=4 error="nothing to commit" queryTime="2026-03-20 22:18:17.195498 +0000 GMT m=+0.210132168"
time="2026-03-20T22:18:17Z" level=info msg=NewConnection DisableClientMultiStatements=false connectionID=5
time="2026-03-20T22:18:17Z" level=info msg=ConnectionClosed connectionID=5
time="2026-03-20T22:18:17Z" level=info msg=NewConnection DisableClientMultiStatements=false connectionID=6
time="2026-03-20T22:18:17Z" level=info msg=ConnectionClosed connectionID=6
time="2026-03-20T22:18:17Z" level=info msg=ConnectionClosed connectionID=4
time="2026-03-20T22:18:17Z" level=info msg=NewConnection DisableClientMultiStatements=false connectionID=7
time="2026-03-20T22:18:17Z" level=info msg=ConnectionClosed connectionID=7
time="2026-03-20T22:18:17Z" level=info msg="Server closing listener. No longer accepting connections."
time="2026-03-20T22:18:17Z" level=info msg="stats stopped: context canceled"
Starting server with Config HP="127.0.0.1:51510"|T="28800000"|R="false"|L="info"
time="2026-03-20T22:20:21Z" level=info msg="Server ready. Accepting connections."
time="2026-03-20T22:20:21Z" level=warning msg="secure_file_priv is set to \"\", which is insecure."
time="2026-03-20T22:20:21Z" level=warning msg="Any user with GRANT FILE privileges will be able to read any file which the sql-server process can read."
time="2026-03-20T22:20:21Z" level=warning msg="Please consider restarting the server with secure_file_priv set to a safe (or non-existent) directory."
time="2026-03-20T22:20:21Z" level=info msg=NewConnection DisableClientMultiStatements=false connectionID=2
time="2026-03-20T22:20:21Z" level=info msg=NewConnection DisableClientMultiStatements=false connectionID=1
time="2026-03-20T22:20:21Z" level=info msg=ConnectionClosed connectionID=2
time="2026-03-20T22:20:21Z" level=info msg=ConnectionClosed connectionID=1
time="2026-03-20T22:20:21Z" level=info msg=NewConnection DisableClientMultiStatements=false connectionID=3
time="2026-03-20T22:20:21Z" level=info msg=NewConnection DisableClientMultiStatements=false connectionID=4
time="2026-03-20T22:20:21Z" level=info msg=ConnectionClosed connectionID=3
time="2026-03-20T22:20:21Z" level=warning msg="error running query" connectTime="2026-03-20 22:20:21.381097 +0000 GMT m=+0.202534417" connectionDb=human_hum connectionID=4 error="nothing to commit" queryTime="2026-03-20 22:20:21.400418 +0000 GMT m=+0.221855417"
time="2026-03-20T22:20:21Z" level=info msg=NewConnection DisableClientMultiStatements=false connectionID=5
time="2026-03-20T22:20:21Z" level=info msg=ConnectionClosed connectionID=5
time="2026-03-20T22:20:21Z" level=info msg=NewConnection DisableClientMultiStatements=false connectionID=6
time="2026-03-20T22:20:21Z" level=info msg=ConnectionClosed connectionID=6
time="2026-03-20T22:20:21Z" level=info msg=ConnectionClosed connectionID=4
time="2026-03-20T22:20:21Z" level=info msg=NewConnection DisableClientMultiStatements=false connectionID=7
time="2026-03-20T22:20:21Z" level=info msg=ConnectionClosed connectionID=7
time="2026-03-20T22:20:21Z" level=info msg="Server closing listener. No longer accepting connections."
time="2026-03-20T22:20:21Z" level=info msg="stats stopped: context canceled"
Starting server with Config HP="127.0.0.1:51534"|T="28800000"|R="false"|L="info"
time="2026-03-20T22:20:33Z" level=info msg="Server ready. Accepting connections."
time="2026-03-20T22:20:33Z" level=warning msg="secure_file_priv is set to \"\", which is insecure."
time="2026-03-20T22:20:33Z" level=warning msg="Any user with GRANT FILE privileges will be able to read any file which the sql-server process can read."
time="2026-03-20T22:20:33Z" level=warning msg="Please consider restarting the server with secure_file_priv set to a safe (or non-existent) directory."
time="2026-03-20T22:20:33Z" level=info msg=NewConnection DisableClientMultiStatements=false connectionID=1
time="2026-03-20T22:20:33Z" level=info msg=NewConnection DisableClientMultiStatements=false connectionID=2
time="2026-03-20T22:20:33Z" level=info msg=NewConnection DisableClientMultiStatements=false connectionID=3
time="2026-03-20T22:20:33Z" level=info msg=ConnectionClosed connectionID=1
time="2026-03-20T22:20:33Z" level=info msg=ConnectionClosed connectionID=2
time="2026-03-20T22:20:33Z" level=info msg=NewConnection DisableClientMultiStatements=false connectionID=4
time="2026-03-20T22:20:33Z" level=info msg=ConnectionClosed connectionID=3
time="2026-03-20T22:20:33Z" level=warning msg="error running query" connectTime="2026-03-20 22:20:33.493339 +0000 GMT m=+0.194582668" connectionDb=human_hum connectionID=4 error="nothing to commit" queryTime="2026-03-20 22:20:33.507879 +0000 GMT m=+0.209123293"
time="2026-03-20T22:20:33Z" level=info msg=NewConnection DisableClientMultiStatements=false connectionID=5
time="2026-03-20T22:20:33Z" level=info msg=ConnectionClosed connectionID=5
time="2026-03-20T22:20:33Z" level=info msg=NewConnection DisableClientMultiStatements=false connectionID=6
time="2026-03-20T22:20:33Z" level=info msg=ConnectionClosed connectionID=6
time="2026-03-20T22:20:33Z" level=info msg=ConnectionClosed connectionID=4
time="2026-03-20T22:20:33Z" level=info msg=NewConnection DisableClientMultiStatements=false connectionID=7
time="2026-03-20T22:20:33Z" level=info msg=ConnectionClosed connectionID=7
time="2026-03-20T22:20:33Z" level=info msg="Server closing listener. No longer accepting connections."
time="2026-03-20T22:20:33Z" level=info msg="stats stopped: context canceled"
Starting server with Config HP="127.0.0.1:51560"|T="28800000"|R="false"|L="info"
time="2026-03-20T22:20:39Z" level=info msg="Server ready. Accepting connections."
time="2026-03-20T22:20:39Z" level=warning msg="secure_file_priv is set to \"\", which is insecure."
time="2026-03-20T22:20:39Z" level=warning msg="Any user with GRANT FILE privileges will be able to read any file which the sql-server process can read."
time="2026-03-20T22:20:39Z" level=warning msg="Please consider restarting the server with secure_file_priv set to a safe (or non-existent) directory."
time="2026-03-20T22:20:39Z" level=info msg=NewConnection DisableClientMultiStatements=false connectionID=1
time="2026-03-20T22:20:39Z" level=info msg=ConnectionClosed connectionID=1
time="2026-03-20T22:20:39Z" level=info msg=NewConnection DisableClientMultiStatements=false connectionID=2
time="2026-03-20T22:20:39Z" level=info msg=ConnectionClosed connectionID=2
time="2026-03-20T22:20:39Z" level=info msg=NewConnection DisableClientMultiStatements=false connectionID=3
time="2026-03-20T22:20:39Z" level=info msg=NewConnection DisableClientMultiStatements=false connectionID=4
time="2026-03-20T22:20:39Z" level=info msg=ConnectionClosed connectionID=3
time="2026-03-20T22:20:39Z" level=warning msg="error running query" connectTime="2026-03-20 22:20:39.381822 +0000 GMT m=+0.196981501" connectionDb=human_hum connectionID=4 error="nothing to commit" queryTime="2026-03-20 22:20:39.389314 +0000 GMT m=+0.204474418"
time="2026-03-20T22:20:39Z" level=info msg=NewConnection DisableClientMultiStatements=false connectionID=5
time="2026-03-20T22:20:39Z" level=info msg=ConnectionClosed connectionID=5
time="2026-03-20T22:20:39Z" level=info msg=NewConnection DisableClientMultiStatements=false connectionID=6
time="2026-03-20T22:20:39Z" level=info msg=ConnectionClosed connectionID=6
time="2026-03-20T22:20:39Z" level=info msg=ConnectionClosed connectionID=4
time="2026-03-20T22:20:39Z" level=info msg=NewConnection DisableClientMultiStatements=false connectionID=7
time="2026-03-20T22:20:39Z" level=info msg=ConnectionClosed connectionID=7
time="2026-03-20T22:20:39Z" level=info msg="Server closing listener. No longer accepting connections."
time="2026-03-20T22:20:39Z" level=info msg="stats stopped: context canceled"
Starting server with Config HP="127.0.0.1:51585"|T="28800000"|R="false"|L="info"
time="2026-03-20T22:20:45Z" level=info msg="Server ready. Accepting connections."
time="2026-03-20T22:20:45Z" level=warning msg="secure_file_priv is set to \"\", which is insecure."
time="2026-03-20T22:20:45Z" level=warning msg="Any user with GRANT FILE privileges will be able to read any file which the sql-server process can read."
time="2026-03-20T22:20:45Z" level=warning msg="Please consider restarting the server with secure_file_priv set to a safe (or non-existent) directory."
time="2026-03-20T22:20:45Z" level=info msg=NewConnection DisableClientMultiStatements=false connectionID=1
time="2026-03-20T22:20:45Z" level=info msg=ConnectionClosed connectionID=1
time="2026-03-20T22:20:45Z" level=info msg=NewConnection DisableClientMultiStatements=false connectionID=2
time="2026-03-20T22:20:45Z" level=info msg=ConnectionClosed connectionID=2
time="2026-03-20T22:20:45Z" level=info msg=NewConnection DisableClientMultiStatements=false connectionID=3
time="2026-03-20T22:20:45Z" level=info msg=NewConnection DisableClientMultiStatements=false connectionID=4
time="2026-03-20T22:20:45Z" level=info msg=ConnectionClosed connectionID=3
time="2026-03-20T22:20:45Z" level=warning msg="error running query" connectTime="2026-03-20 22:20:45.233049 +0000 GMT m=+0.197378043" connectionDb=human_hum connectionID=4 error="nothing to commit" queryTime="2026-03-20 22:20:45.240786 +0000 GMT m=+0.205114751"
time="2026-03-20T22:20:45Z" level=info msg=NewConnection DisableClientMultiStatements=false connectionID=5
time="2026-03-20T22:20:45Z" level=info msg=ConnectionClosed connectionID=5
time="2026-03-20T22:20:45Z" level=info msg=NewConnection DisableClientMultiStatements=false connectionID=6
time="2026-03-20T22:20:45Z" level=info msg=ConnectionClosed connectionID=6
time="2026-03-20T22:20:45Z" level=info msg=ConnectionClosed connectionID=4
time="2026-03-20T22:20:45Z" level=info msg=NewConnection DisableClientMultiStatements=false connectionID=7
time="2026-03-20T22:20:45Z" level=info msg="Server closing listener. No longer accepting connections."
time="2026-03-20T22:20:45Z" level=info msg=ConnectionClosed connectionID=7
time="2026-03-20T22:20:45Z" level=info msg="stats stopped: context canceled"
Starting server with Config HP="127.0.0.1:51610"|T="28800000"|R="false"|L="info"
time="2026-03-20T22:20:51Z" level=info msg="Server ready. Accepting connections."
time="2026-03-20T22:20:51Z" level=warning msg="secure_file_priv is set to \"\", which is insecure."
time="2026-03-20T22:20:51Z" level=warning msg="Any user with GRANT FILE privileges will be able to read any file which the sql-server process can read."
time="2026-03-20T22:20:51Z" level=warning msg="Please consider restarting the server with secure_file_priv set to a safe (or non-existent) directory."
time="2026-03-20T22:20:51Z" level=info msg=NewConnection DisableClientMultiStatements=false connectionID=1
time="2026-03-20T22:20:51Z" level=info msg=ConnectionClosed connectionID=1
time="2026-03-20T22:20:51Z" level=info msg=NewConnection DisableClientMultiStatements=false connectionID=2
time="2026-03-20T22:20:51Z" level=info msg=ConnectionClosed connectionID=2
time="2026-03-20T22:20:51Z" level=info msg=NewConnection DisableClientMultiStatements=false connectionID=3
time="2026-03-20T22:20:51Z" level=info msg=NewConnection DisableClientMultiStatements=false connectionID=4
time="2026-03-20T22:20:51Z" level=info msg=ConnectionClosed connectionID=3
time="2026-03-20T22:20:51Z" level=warning msg="error running query" connectTime="2026-03-20 22:20:51.129761 +0000 GMT m=+0.196109418" connectionDb=human_hum connectionID=4 error="nothing to commit" queryTime="2026-03-20 22:20:51.138285 +0000 GMT m=+0.204632918"
time="2026-03-20T22:20:51Z" level=info msg=NewConnection DisableClientMultiStatements=false connectionID=5
time="2026-03-20T22:20:51Z" level=info msg=ConnectionClosed connectionID=5
time="2026-03-20T22:20:51Z" level=info msg=NewConnection DisableClientMultiStatements=false connectionID=6
time="2026-03-20T22:20:51Z" level=info msg=ConnectionClosed connectionID=6
time="2026-03-20T22:20:51Z" level=info msg=ConnectionClosed connectionID=4
time="2026-03-20T22:20:51Z" level=info msg=NewConnection DisableClientMultiStatements=false connectionID=7
time="2026-03-20T22:20:51Z" level=info msg=ConnectionClosed connectionID=7
time="2026-03-20T22:20:51Z" level=info msg="Server closing listener. No longer accepting connections."
time="2026-03-20T22:20:51Z" level=info msg="stats stopped: context canceled"
Starting server with Config HP="127.0.0.1:51638"|T="28800000"|R="false"|L="info"
time="2026-03-20T22:20:56Z" level=info msg="Server ready. Accepting connections."
time="2026-03-20T22:20:56Z" level=warning msg="secure_file_priv is set to \"\", which is insecure."
time="2026-03-20T22:20:56Z" level=warning msg="Any user with GRANT FILE privileges will be able to read any file which the sql-server process can read."
time="2026-03-20T22:20:56Z" level=warning msg="Please consider restarting the server with secure_file_priv set to a safe (or non-existent) directory."
time="2026-03-20T22:20:56Z" level=info msg=NewConnection DisableClientMultiStatements=false connectionID=1
time="2026-03-20T22:20:56Z" level=info msg=ConnectionClosed connectionID=1
time="2026-03-20T22:20:56Z" level=info msg=NewConnection DisableClientMultiStatements=false connectionID=2
time="2026-03-20T22:20:56Z" level=info msg=NewConnection DisableClientMultiStatements=false connectionID=3
time="2026-03-20T22:20:56Z" level=info msg=ConnectionClosed connectionID=2
time="2026-03-20T22:20:56Z" level=info msg=NewConnection DisableClientMultiStatements=false connectionID=4
time="2026-03-20T22:20:56Z" level=info msg=ConnectionClosed connectionID=3
time="2026-03-20T22:20:56Z" level=warning msg="error running query" connectTime="2026-03-20 22:20:56.973156 +0000 GMT m=+0.174880126" connectionDb=human_hum connectionID=4 error="nothing to commit" queryTime="2026-03-20 22:20:56.982375 +0000 GMT m=+0.184099043"
time="2026-03-20T22:20:57Z" level=info msg=NewConnection DisableClientMultiStatements=false connectionID=5
time="2026-03-20T22:20:57Z" level=info msg=ConnectionClosed connectionID=5
time="2026-03-20T22:20:57Z" level=info msg=NewConnection DisableClientMultiStatements=false connectionID=6
time="2026-03-20T22:20:57Z" level=info msg=ConnectionClosed connectionID=6
time="2026-03-20T22:20:57Z" level=info msg=ConnectionClosed connectionID=4
time="2026-03-20T22:20:57Z" level=info msg=NewConnection DisableClientMultiStatements=false connectionID=7
time="2026-03-20T22:20:57Z" level=info msg="Server closing listener. No longer accepting connections."
time="2026-03-20T22:20:57Z" level=info msg=ConnectionClosed connectionID=7
time="2026-03-20T22:20:57Z" level=info msg="stats stopped: context canceled"
Starting server with Config HP="127.0.0.1:51663"|T="28800000"|R="false"|L="info"
time="2026-03-20T22:21:02Z" level=info msg="Server ready. Accepting connections."
time="2026-03-20T22:21:02Z" level=warning msg="secure_file_priv is set to \"\", which is insecure."
time="2026-03-20T22:21:02Z" level=warning msg="Any user with GRANT FILE privileges will be able to read any file which the sql-server process can read."
time="2026-03-20T22:21:02Z" level=warning msg="Please consider restarting the server with secure_file_priv set to a safe (or non-existent) directory."
time="2026-03-20T22:21:02Z" level=info msg=NewConnection DisableClientMultiStatements=false connectionID=1
time="2026-03-20T22:21:02Z" level=info msg=ConnectionClosed connectionID=1
time="2026-03-20T22:21:02Z" level=info msg=NewConnection DisableClientMultiStatements=false connectionID=2
time="2026-03-20T22:21:02Z" level=info msg=ConnectionClosed connectionID=2
time="2026-03-20T22:21:02Z" level=info msg=NewConnection DisableClientMultiStatements=false connectionID=3
time="2026-03-20T22:21:02Z" level=info msg=NewConnection DisableClientMultiStatements=false connectionID=4
time="2026-03-20T22:21:02Z" level=info msg=ConnectionClosed connectionID=3
time="2026-03-20T22:21:02Z" level=warning msg="error running query" connectTime="2026-03-20 22:21:02.91115 +0000 GMT m=+0.198218501" connectionDb=human_hum connectionID=4 error="nothing to commit" queryTime="2026-03-20 22:21:02.919999 +0000 GMT m=+0.207067709"
time="2026-03-20T22:21:03Z" level=info msg=NewConnection DisableClientMultiStatements=false connectionID=5
time="2026-03-20T22:21:03Z" level=info msg=ConnectionClosed connectionID=5
time="2026-03-20T22:21:03Z" level=info msg=NewConnection DisableClientMultiStatements=false connectionID=6
time="2026-03-20T22:21:03Z" level=info msg=ConnectionClosed connectionID=6
time="2026-03-20T22:21:03Z" level=info msg=ConnectionClosed connectionID=4
time="2026-03-20T22:21:03Z" level=info msg=NewConnection DisableClientMultiStatements=false connectionID=7
time="2026-03-20T22:21:03Z" level=info msg="Server closing listener. No longer accepting connections."
time="2026-03-20T22:21:03Z" level=info msg=ConnectionClosed connectionID=7
time="2026-03-20T22:21:03Z" level=info msg="stats stopped: context canceled"
Starting server with Config HP="127.0.0.1:51694"|T="28800000"|R="false"|L="info"
time="2026-03-20T22:21:08Z" level=info msg="Server ready. Accepting connections."
time="2026-03-20T22:21:08Z" level=warning msg="secure_file_priv is set to \"\", which is insecure."
time="2026-03-20T22:21:08Z" level=warning msg="Any user with GRANT FILE privileges will be able to read any file which the sql-server process can read."
time="2026-03-20T22:21:08Z" level=warning msg="Please consider restarting the server with secure_file_priv set to a safe (or non-existent) directory."
time="2026-03-20T22:21:08Z" level=info msg=NewConnection DisableClientMultiStatements=false connectionID=1
time="2026-03-20T22:21:08Z" level=info msg=ConnectionClosed connectionID=1
time="2026-03-20T22:21:08Z" level=info msg=NewConnection DisableClientMultiStatements=false connectionID=2
time="2026-03-20T22:21:08Z" level=info msg=ConnectionClosed connectionID=2
time="2026-03-20T22:21:08Z" level=info msg=NewConnection DisableClientMultiStatements=false connectionID=3
time="2026-03-20T22:21:08Z" level=info msg=NewConnection DisableClientMultiStatements=false connectionID=4
time="2026-03-20T22:21:08Z" level=info msg=ConnectionClosed connectionID=3
time="2026-03-20T22:21:08Z" level=warning msg="error running query" connectTime="2026-03-20 22:21:08.828049 +0000 GMT m=+0.197552626" connectionDb=human_hum connectionID=4 error="nothing to commit" queryTime="2026-03-20 22:21:08.838692 +0000 GMT m=+0.208195501"
time="2026-03-20T22:21:09Z" level=info msg=NewConnection DisableClientMultiStatements=false connectionID=5
time="2026-03-20T22:21:09Z" level=info msg=ConnectionClosed connectionID=5
time="2026-03-20T22:21:09Z" level=info msg=NewConnection DisableClientMultiStatements=false connectionID=6
time="2026-03-20T22:21:09Z" level=info msg=ConnectionClosed connectionID=6
time="2026-03-20T22:21:09Z" level=info msg=ConnectionClosed connectionID=4
time="2026-03-20T22:21:09Z" level=info msg=NewConnection DisableClientMultiStatements=false connectionID=7
time="2026-03-20T22:21:09Z" level=info msg=ConnectionClosed connectionID=7
time="2026-03-20T22:21:09Z" level=info msg="Server closing listener. No longer accepting connections."
time="2026-03-20T22:21:09Z" level=info msg="stats stopped: context canceled"
Starting server with Config HP="127.0.0.1:51719"|T="28800000"|R="false"|L="info"
time="2026-03-20T22:21:14Z" level=info msg="Server ready. Accepting connections."
time="2026-03-20T22:21:14Z" level=warning msg="secure_file_priv is set to \"\", which is insecure."
time="2026-03-20T22:21:14Z" level=warning msg="Any user with GRANT FILE privileges will be able to read any file which the sql-server process can read."
time="2026-03-20T22:21:14Z" level=warning msg="Please consider restarting the server with secure_file_priv set to a safe (or non-existent) directory."
time="2026-03-20T22:21:14Z" level=info msg=NewConnection DisableClientMultiStatements=false connectionID=1
time="2026-03-20T22:21:14Z" level=info msg=ConnectionClosed connectionID=1
time="2026-03-20T22:21:14Z" level=info msg=NewConnection DisableClientMultiStatements=false connectionID=2
time="2026-03-20T22:21:14Z" level=info msg=ConnectionClosed connectionID=2
time="2026-03-20T22:21:14Z" level=info msg=NewConnection DisableClientMultiStatements=false connectionID=3
time="2026-03-20T22:21:14Z" level=info msg=NewConnection DisableClientMultiStatements=false connectionID=4
time="2026-03-20T22:21:14Z" level=info msg=ConnectionClosed connectionID=3
time="2026-03-20T22:21:14Z" level=warning msg="error running query" connectTime="2026-03-20 22:21:14.748943 +0000 GMT m=+0.181299126" connectionDb=human_hum connectionID=4 error="nothing to commit" queryTime="2026-03-20 22:21:14.756704 +0000 GMT m=+0.189060335"
time="2026-03-20T22:21:14Z" level=info msg=NewConnection DisableClientMultiStatements=false connectionID=5
time="2026-03-20T22:21:14Z" level=info msg=ConnectionClosed connectionID=5
time="2026-03-20T22:21:15Z" level=info msg=NewConnection DisableClientMultiStatements=false connectionID=6
time="2026-03-20T22:21:15Z" level=info msg=ConnectionClosed connectionID=6
time="2026-03-20T22:21:15Z" level=info msg=ConnectionClosed connectionID=4
time="2026-03-20T22:21:15Z" level=info msg=NewConnection DisableClientMultiStatements=false connectionID=7
time="2026-03-20T22:21:15Z" level=info msg=ConnectionClosed connectionID=7
time="2026-03-20T22:21:15Z" level=info msg="Server closing listener. No longer accepting connections."
time="2026-03-20T22:21:15Z" level=info msg="stats stopped: context canceled"
Starting server with Config HP="127.0.0.1:51748"|T="28800000"|R="false"|L="info"
time="2026-03-20T22:21:20Z" level=info msg="Server ready. Accepting connections."
time="2026-03-20T22:21:20Z" level=warning msg="secure_file_priv is set to \"\", which is insecure."
time="2026-03-20T22:21:20Z" level=warning msg="Any user with GRANT FILE privileges will be able to read any file which the sql-server process can read."
time="2026-03-20T22:21:20Z" level=warning msg="Please consider restarting the server with secure_file_priv set to a safe (or non-existent) directory."
time="2026-03-20T22:21:20Z" level=info msg=NewConnection DisableClientMultiStatements=false connectionID=1
time="2026-03-20T22:21:20Z" level=info msg=ConnectionClosed connectionID=1
time="2026-03-20T22:21:20Z" level=info msg=NewConnection DisableClientMultiStatements=false connectionID=2
time="2026-03-20T22:21:20Z" level=info msg=ConnectionClosed connectionID=2
time="2026-03-20T22:21:20Z" level=info msg=NewConnection DisableClientMultiStatements=false connectionID=3
time="2026-03-20T22:21:20Z" level=info msg=NewConnection DisableClientMultiStatements=false connectionID=4
time="2026-03-20T22:21:20Z" level=info msg=ConnectionClosed connectionID=3
time="2026-03-20T22:21:20Z" level=warning msg="error running query" connectTime="2026-03-20 22:21:20.601266 +0000 GMT m=+0.196593334" connectionDb=human_hum connectionID=4 error="nothing to commit" queryTime="2026-03-20 22:21:20.608811 +0000 GMT m=+0.204139043"
time="2026-03-20T22:21:20Z" level=info msg=NewConnection DisableClientMultiStatements=false connectionID=5
time="2026-03-20T22:21:20Z" level=info msg=ConnectionClosed connectionID=5
time="2026-03-20T22:21:20Z" level=info msg=NewConnection DisableClientMultiStatements=false connectionID=6
time="2026-03-20T22:21:20Z" level=info msg=ConnectionClosed connectionID=6
time="2026-03-20T22:21:20Z" level=info msg=ConnectionClosed connectionID=4
time="2026-03-20T22:21:20Z" level=info msg=NewConnection DisableClientMultiStatements=false connectionID=7
time="2026-03-20T22:21:20Z" level=info msg=ConnectionClosed connectionID=7
time="2026-03-20T22:21:20Z" level=info msg="Server closing listener. No longer accepting connections."
time="2026-03-20T22:21:20Z" level=info msg="stats stopped: context canceled"
Starting server with Config HP="127.0.0.1:51775"|T="28800000"|R="false"|L="info"
time="2026-03-20T22:21:46Z" level=info msg="Server ready. Accepting connections."
time="2026-03-20T22:21:46Z" level=warning msg="secure_file_priv is set to \"\", which is insecure."
time="2026-03-20T22:21:46Z" level=warning msg="Any user with GRANT FILE privileges will be able to read any file which the sql-server process can read."
time="2026-03-20T22:21:46Z" level=warning msg="Please consider restarting the server with secure_file_priv set to a safe (or non-existent) directory."
time="2026-03-20T22:21:46Z" level=info msg=NewConnection DisableClientMultiStatements=false connectionID=1
time="2026-03-20T22:21:46Z" level=info msg=NewConnection DisableClientMultiStatements=false connectionID=2
time="2026-03-20T22:21:46Z" level=info msg=ConnectionClosed connectionID=2
time="2026-03-20T22:21:46Z" level=info msg=ConnectionClosed connectionID=1
time="2026-03-20T22:21:46Z" level=info msg=NewConnection DisableClientMultiStatements=false connectionID=3
time="2026-03-20T22:21:46Z" level=info msg=NewConnection DisableClientMultiStatements=false connectionID=4
time="2026-03-20T22:21:46Z" level=info msg=ConnectionClosed connectionID=3
time="2026-03-20T22:21:46Z" level=warning msg="error running query" connectTime="2026-03-20 22:21:46.534039 +0000 GMT m=+0.201781459" connectionDb=human_hum connectionID=4 error="nothing to commit" queryTime="2026-03-20 22:21:46.549767 +0000 GMT m=+0.217509834"
time="2026-03-20T22:21:46Z" level=info msg=NewConnection DisableClientMultiStatements=false connectionID=5
time="2026-03-20T22:21:46Z" level=info msg=ConnectionClosed connectionID=5
time="2026-03-20T22:21:46Z" level=info msg=NewConnection DisableClientMultiStatements=false connectionID=6
time="2026-03-20T22:21:46Z" level=info msg=ConnectionClosed connectionID=6
time="2026-03-20T22:21:46Z" level=info msg=ConnectionClosed connectionID=4
time="2026-03-20T22:21:46Z" level=info msg=NewConnection DisableClientMultiStatements=false connectionID=7
time="2026-03-20T22:21:46Z" level=info msg=ConnectionClosed connectionID=7
time="2026-03-20T22:21:46Z" level=info msg="Server closing listener. No longer accepting connections."
time="2026-03-20T22:21:46Z" level=info msg="stats stopped: context canceled"
Starting server with Config HP="127.0.0.1:51801"|T="28800000"|R="false"|L="info"
time="2026-03-20T22:21:59Z" level=info msg="Server ready. Accepting connections."
time="2026-03-20T22:21:59Z" level=warning msg="secure_file_priv is set to \"\", which is insecure."
time="2026-03-20T22:21:59Z" level=warning msg="Any user with GRANT FILE privileges will be able to read any file which the sql-server process can read."
time="2026-03-20T22:21:59Z" level=warning msg="Please consider restarting the server with secure_file_priv set to a safe (or non-existent) directory."
time="2026-03-20T22:21:59Z" level=info msg=NewConnection DisableClientMultiStatements=false connectionID=3
time="2026-03-20T22:21:59Z" level=info msg=NewConnection DisableClientMultiStatements=false connectionID=2
time="2026-03-20T22:21:59Z" level=info msg=NewConnection DisableClientMultiStatements=false connectionID=1
time="2026-03-20T22:21:59Z" level=info msg=ConnectionClosed connectionID=1
time="2026-03-20T22:21:59Z" level=info msg=ConnectionClosed connectionID=2
time="2026-03-20T22:21:59Z" level=info msg=NewConnection DisableClientMultiStatements=false connectionID=4
time="2026-03-20T22:21:59Z" level=info msg=ConnectionClosed connectionID=3
time="2026-03-20T22:21:59Z" level=warning msg="error running query" connectTime="2026-03-20 22:21:59.41682 +0000 GMT m=+0.203504001" connectionDb=human_hum connectionID=4 error="nothing to commit" queryTime="2026-03-20 22:21:59.437043 +0000 GMT m=+0.223727168"
time="2026-03-20T22:21:59Z" level=info msg=NewConnection DisableClientMultiStatements=false connectionID=5
time="2026-03-20T22:21:59Z" level=info msg=ConnectionClosed connectionID=5
time="2026-03-20T22:21:59Z" level=info msg=NewConnection DisableClientMultiStatements=false connectionID=6
time="2026-03-20T22:21:59Z" level=info msg=ConnectionClosed connectionID=6
time="2026-03-20T22:21:59Z" level=info msg=ConnectionClosed connectionID=4
time="2026-03-20T22:21:59Z" level=info msg=NewConnection DisableClientMultiStatements=false connectionID=7
time="2026-03-20T22:21:59Z" level=info msg=ConnectionClosed connectionID=7
time="2026-03-20T22:21:59Z" level=info msg="Server closing listener. No longer accepting connections."
time="2026-03-20T22:21:59Z" level=info msg="stats stopped: context canceled"
Starting server with Config HP="127.0.0.1:51829"|T="28800000"|R="false"|L="info"
time="2026-03-20T22:22:05Z" level=info msg="Server ready. Accepting connections."
time="2026-03-20T22:22:05Z" level=warning msg="secure_file_priv is set to \"\", which is insecure."
time="2026-03-20T22:22:05Z" level=warning msg="Any user with GRANT FILE privileges will be able to read any file which the sql-server process can read."
time="2026-03-20T22:22:05Z" level=warning msg="Please consider restarting the server with secure_file_priv set to a safe (or non-existent) directory."
time="2026-03-20T22:22:05Z" level=info msg=NewConnection DisableClientMultiStatements=false connectionID=1
time="2026-03-20T22:22:05Z" level=info msg=ConnectionClosed connectionID=1
time="2026-03-20T22:22:05Z" level=info msg=NewConnection DisableClientMultiStatements=false connectionID=2
time="2026-03-20T22:22:05Z" level=info msg=ConnectionClosed connectionID=2
time="2026-03-20T22:22:05Z" level=info msg=NewConnection DisableClientMultiStatements=false connectionID=3
time="2026-03-20T22:22:05Z" level=info msg=NewConnection DisableClientMultiStatements=false connectionID=4
time="2026-03-20T22:22:05Z" level=info msg=ConnectionClosed connectionID=3
time="2026-03-20T22:22:05Z" level=warning msg="error running query" connectTime="2026-03-20 22:22:05.290401 +0000 GMT m=+0.196827543" connectionDb=human_hum connectionID=4 error="nothing to commit" queryTime="2026-03-20 22:22:05.298504 +0000 GMT m=+0.204930418"
time="2026-03-20T22:22:05Z" level=info msg=NewConnection DisableClientMultiStatements=false connectionID=5
time="2026-03-20T22:22:05Z" level=info msg=ConnectionClosed connectionID=5
time="2026-03-20T22:22:05Z" level=info msg=NewConnection DisableClientMultiStatements=false connectionID=6
time="2026-03-20T22:22:05Z" level=info msg=ConnectionClosed connectionID=6
time="2026-03-20T22:22:05Z" level=info msg=ConnectionClosed connectionID=4
time="2026-03-20T22:22:05Z" level=info msg=NewConnection DisableClientMultiStatements=false connectionID=7
time="2026-03-20T22:22:05Z" level=info msg=ConnectionClosed connectionID=7
time="2026-03-20T22:22:05Z" level=info msg="Server closing listener. No longer accepting connections."
time="2026-03-20T22:22:05Z" level=info msg="stats stopped: context canceled"
Starting server with Config HP="127.0.0.1:51857"|T="28800000"|R="false"|L="info"
time="2026-03-20T22:22:11Z" level=info msg="Server ready. Accepting connections."
time="2026-03-20T22:22:11Z" level=warning msg="secure_file_priv is set to \"\", which is insecure."
time="2026-03-20T22:22:11Z" level=warning msg="Any user with GRANT FILE privileges will be able to read any file which the sql-server process can read."
time="2026-03-20T22:22:11Z" level=warning msg="Please consider restarting the server with secure_file_priv set to a safe (or non-existent) directory."
time="2026-03-20T22:22:11Z" level=info msg=NewConnection DisableClientMultiStatements=false connectionID=1
time="2026-03-20T22:22:11Z" level=info msg=ConnectionClosed connectionID=1
time="2026-03-20T22:22:11Z" level=info msg=NewConnection DisableClientMultiStatements=false connectionID=2
time="2026-03-20T22:22:11Z" level=info msg=ConnectionClosed connectionID=2
time="2026-03-20T22:22:11Z" level=info msg=NewConnection DisableClientMultiStatements=false connectionID=3
time="2026-03-20T22:22:11Z" level=info msg=NewConnection DisableClientMultiStatements=false connectionID=4
time="2026-03-20T22:22:11Z" level=info msg=ConnectionClosed connectionID=3
time="2026-03-20T22:22:11Z" level=warning msg="error running query" connectTime="2026-03-20 22:22:11.203245 +0000 GMT m=+0.175887501" connectionDb=human_hum connectionID=4 error="nothing to commit" queryTime="2026-03-20 22:22:11.211199 +0000 GMT m=+0.183842168"
time="2026-03-20T22:22:11Z" level=info msg=NewConnection DisableClientMultiStatements=false connectionID=5
time="2026-03-20T22:22:11Z" level=info msg=ConnectionClosed connectionID=5
time="2026-03-20T22:22:11Z" level=info msg=NewConnection DisableClientMultiStatements=false connectionID=6
time="2026-03-20T22:22:11Z" level=info msg=ConnectionClosed connectionID=6
time="2026-03-20T22:22:11Z" level=info msg=ConnectionClosed connectionID=4
time="2026-03-20T22:22:11Z" level=info msg=NewConnection DisableClientMultiStatements=false connectionID=7
time="2026-03-20T22:22:11Z" level=info msg=ConnectionClosed connectionID=7
time="2026-03-20T22:22:11Z" level=info msg="Server closing listener. No longer accepting connections."
time="2026-03-20T22:22:11Z" level=info msg="stats stopped: context canceled"
Starting server with Config HP="127.0.0.1:51882"|T="28800000"|R="false"|L="info"
time="2026-03-20T22:22:16Z" level=info msg="Server ready. Accepting connections."
time="2026-03-20T22:22:16Z" level=warning msg="secure_file_priv is set to \"\", which is insecure."
time="2026-03-20T22:22:16Z" level=warning msg="Any user with GRANT FILE privileges will be able to read any file which the sql-server process can read."
time="2026-03-20T22:22:16Z" level=warning msg="Please consider restarting the server with secure_file_priv set to a safe (or non-existent) directory."
time="2026-03-20T22:22:17Z" level=info msg=NewConnection DisableClientMultiStatements=false connectionID=1
time="2026-03-20T22:22:17Z" level=info msg=ConnectionClosed connectionID=1
time="2026-03-20T22:22:17Z" level=info msg=NewConnection DisableClientMultiStatements=false connectionID=2
time="2026-03-20T22:22:17Z" level=info msg=ConnectionClosed connectionID=2
time="2026-03-20T22:22:17Z" level=info msg=NewConnection DisableClientMultiStatements=false connectionID=3
time="2026-03-20T22:22:17Z" level=info msg=NewConnection DisableClientMultiStatements=false connectionID=4
time="2026-03-20T22:22:17Z" level=info msg=ConnectionClosed connectionID=3
time="2026-03-20T22:22:17Z" level=warning msg="error running query" connectTime="2026-03-20 22:22:17.067177 +0000 GMT m=+0.182756168" connectionDb=human_hum connectionID=4 error="nothing to commit" queryTime="2026-03-20 22:22:17.074871 +0000 GMT m=+0.190450251"
time="2026-03-20T22:22:17Z" level=info msg=NewConnection DisableClientMultiStatements=false connectionID=5
time="2026-03-20T22:22:17Z" level=info msg=ConnectionClosed connectionID=5
time="2026-03-20T22:22:17Z" level=info msg=NewConnection DisableClientMultiStatements=false connectionID=6
time="2026-03-20T22:22:17Z" level=info msg=ConnectionClosed connectionID=6
time="2026-03-20T22:22:17Z" level=info msg=ConnectionClosed connectionID=4
time="2026-03-20T22:22:17Z" level=info msg=NewConnection DisableClientMultiStatements=false connectionID=7
time="2026-03-20T22:22:17Z" level=info msg=ConnectionClosed connectionID=7
time="2026-03-20T22:22:17Z" level=info msg="Server closing listener. No longer accepting connections."
time="2026-03-20T22:22:17Z" level=info msg="stats stopped: context canceled"
Starting server with Config HP="127.0.0.1:51907"|T="28800000"|R="false"|L="info"
time="2026-03-20T22:22:22Z" level=info msg="Server ready. Accepting connections."
time="2026-03-20T22:22:22Z" level=warning msg="secure_file_priv is set to \"\", which is insecure."
time="2026-03-20T22:22:22Z" level=warning msg="Any user with GRANT FILE privileges will be able to read any file which the sql-server process can read."
time="2026-03-20T22:22:22Z" level=warning msg="Please consider restarting the server with secure_file_priv set to a safe (or non-existent) directory."
time="2026-03-20T22:22:22Z" level=info msg=NewConnection DisableClientMultiStatements=false connectionID=1
time="2026-03-20T22:22:22Z" level=info msg=ConnectionClosed connectionID=1
time="2026-03-20T22:22:22Z" level=info msg=NewConnection DisableClientMultiStatements=false connectionID=2
time="2026-03-20T22:22:22Z" level=info msg=ConnectionClosed connectionID=2
time="2026-03-20T22:22:22Z" level=info msg=NewConnection DisableClientMultiStatements=false connectionID=3
time="2026-03-20T22:22:22Z" level=info msg=NewConnection DisableClientMultiStatements=false connectionID=4
time="2026-03-20T22:22:22Z" level=info msg=ConnectionClosed connectionID=3
time="2026-03-20T22:22:22Z" level=warning msg="error running query" connectTime="2026-03-20 22:22:22.987938 +0000 GMT m=+0.198268001" connectionDb=human_hum connectionID=4 error="nothing to commit" queryTime="2026-03-20 22:22:22.997056 +0000 GMT m=+0.207386167"
time="2026-03-20T22:22:23Z" level=info msg=NewConnection DisableClientMultiStatements=false connectionID=5
time="2026-03-20T22:22:23Z" level=info msg=ConnectionClosed connectionID=5
time="2026-03-20T22:22:23Z" level=info msg=NewConnection DisableClientMultiStatements=false connectionID=6
time="2026-03-20T22:22:23Z" level=info msg=ConnectionClosed connectionID=6
time="2026-03-20T22:22:23Z" level=info msg=ConnectionClosed connectionID=4
time="2026-03-20T22:22:23Z" level=info msg=NewConnection DisableClientMultiStatements=false connectionID=7
time="2026-03-20T22:22:23Z" level=info msg=ConnectionClosed connectionID=7
time="2026-03-20T22:22:23Z" level=info msg="Server closing listener. No longer accepting connections."
time="2026-03-20T22:22:23Z" level=info msg="stats stopped: context canceled"
Starting server with Config HP="127.0.0.1:51936"|T="28800000"|R="false"|L="info"
time="2026-03-20T22:22:28Z" level=info msg="Server ready. Accepting connections."
time="2026-03-20T22:22:28Z" level=warning msg="secure_file_priv is set to \"\", which is insecure."
time="2026-03-20T22:22:28Z" level=warning msg="Any user with GRANT FILE privileges will be able to read any file which the sql-server process can read."
time="2026-03-20T22:22:28Z" level=warning msg="Please consider restarting the server with secure_file_priv set to a safe (or non-existent) directory."
time="2026-03-20T22:22:28Z" level=info msg=NewConnection DisableClientMultiStatements=false connectionID=1
time="2026-03-20T22:22:28Z" level=info msg=ConnectionClosed connectionID=1
time="2026-03-20T22:22:28Z" level=info msg=NewConnection DisableClientMultiStatements=false connectionID=2
time="2026-03-20T22:22:28Z" level=info msg=ConnectionClosed connectionID=2
time="2026-03-20T22:22:28Z" level=info msg=NewConnection DisableClientMultiStatements=false connectionID=3
time="2026-03-20T22:22:28Z" level=info msg=NewConnection DisableClientMultiStatements=false connectionID=4
time="2026-03-20T22:22:28Z" level=info msg=ConnectionClosed connectionID=3
time="2026-03-20T22:22:28Z" level=warning msg="error running query" connectTime="2026-03-20 22:22:28.960204 +0000 GMT m=+0.197751334" connectionDb=human_hum connectionID=4 error="nothing to commit" queryTime="2026-03-20 22:22:28.968971 +0000 GMT m=+0.206518209"
time="2026-03-20T22:22:29Z" level=info msg=NewConnection DisableClientMultiStatements=false connectionID=5
time="2026-03-20T22:22:29Z" level=info msg=ConnectionClosed connectionID=5
time="2026-03-20T22:22:29Z" level=info msg=NewConnection DisableClientMultiStatements=false connectionID=6
time="2026-03-20T22:22:29Z" level=info msg=ConnectionClosed connectionID=6
time="2026-03-20T22:22:29Z" level=info msg=ConnectionClosed connectionID=4
time="2026-03-20T22:22:29Z" level=info msg=NewConnection DisableClientMultiStatements=false connectionID=7
time="2026-03-20T22:22:29Z" level=info msg=ConnectionClosed connectionID=7
time="2026-03-20T22:22:29Z" level=info msg="Server closing listener. No longer accepting connections."
time="2026-03-20T22:22:29Z" level=info msg="stats stopped: context canceled"
Starting server with Config HP="127.0.0.1:51964"|T="28800000"|R="false"|L="info"
time="2026-03-20T22:22:34Z" level=info msg="Server ready. Accepting connections."
time="2026-03-20T22:22:34Z" level=warning msg="secure_file_priv is set to \"\", which is insecure."
time="2026-03-20T22:22:34Z" level=warning msg="Any user with GRANT FILE privileges will be able to read any file which the sql-server process can read."
time="2026-03-20T22:22:34Z" level=warning msg="Please consider restarting the server with secure_file_priv set to a safe (or non-existent) directory."
time="2026-03-20T22:22:34Z" level=info msg=NewConnection DisableClientMultiStatements=false connectionID=1
time="2026-03-20T22:22:34Z" level=info msg=ConnectionClosed connectionID=1
time="2026-03-20T22:22:34Z" level=info msg=NewConnection DisableClientMultiStatements=false connectionID=2
time="2026-03-20T22:22:34Z" level=info msg=ConnectionClosed connectionID=2
time="2026-03-20T22:22:34Z" level=info msg=NewConnection DisableClientMultiStatements=false connectionID=3
time="2026-03-20T22:22:34Z" level=info msg=NewConnection DisableClientMultiStatements=false connectionID=4
time="2026-03-20T22:22:34Z" level=info msg=ConnectionClosed connectionID=3
time="2026-03-20T22:22:34Z" level=warning msg="error running query" connectTime="2026-03-20 22:22:34.790973 +0000 GMT m=+0.197898876" connectionDb=human_hum connectionID=4 error="nothing to commit" queryTime="2026-03-20 22:22:34.799641 +0000 GMT m=+0.206567168"
time="2026-03-20T22:22:34Z" level=info msg=NewConnection DisableClientMultiStatements=false connectionID=5
time="2026-03-20T22:22:34Z" level=info msg=ConnectionClosed connectionID=5
time="2026-03-20T22:22:35Z" level=info msg=NewConnection DisableClientMultiStatements=false connectionID=6
time="2026-03-20T22:22:35Z" level=info msg=ConnectionClosed connectionID=6
time="2026-03-20T22:22:35Z" level=info msg=ConnectionClosed connectionID=4
time="2026-03-20T22:22:35Z" level=info msg=NewConnection DisableClientMultiStatements=false connectionID=7
time="2026-03-20T22:22:35Z" level=info msg="Server closing listener. No longer accepting connections."
time="2026-03-20T22:22:35Z" level=info msg=ConnectionClosed connectionID=7
time="2026-03-20T22:22:35Z" level=info msg="stats stopped: context canceled"
Starting server with Config HP="127.0.0.1:51995"|T="28800000"|R="false"|L="info"
time="2026-03-20T22:22:40Z" level=info msg="Server ready. Accepting connections."
time="2026-03-20T22:22:40Z" level=warning msg="secure_file_priv is set to \"\", which is insecure."
time="2026-03-20T22:22:40Z" level=warning msg="Any user with GRANT FILE privileges will be able to read any file which the sql-server process can read."
time="2026-03-20T22:22:40Z" level=warning msg="Please consider restarting the server with secure_file_priv set to a safe (or non-existent) directory."
time="2026-03-20T22:22:40Z" level=info msg=NewConnection DisableClientMultiStatements=false connectionID=1
time="2026-03-20T22:22:40Z" level=info msg=ConnectionClosed connectionID=1
time="2026-03-20T22:22:40Z" level=info msg=NewConnection DisableClientMultiStatements=false connectionID=2
time="2026-03-20T22:22:40Z" level=info msg=ConnectionClosed connectionID=2
time="2026-03-20T22:22:40Z" level=info msg=NewConnection DisableClientMultiStatements=false connectionID=3
time="2026-03-20T22:22:40Z" level=info msg=NewConnection DisableClientMultiStatements=false connectionID=4
time="2026-03-20T22:22:40Z" level=info msg=ConnectionClosed connectionID=3
time="2026-03-20T22:22:40Z" level=warning msg="error running query" connectTime="2026-03-20 22:22:40.903617 +0000 GMT m=+0.197835501" connectionDb=human_hum connectionID=4 error="nothing to commit" queryTime="2026-03-20 22:22:40.914157 +0000 GMT m=+0.208375251"
time="2026-03-20T22:22:41Z" level=info msg=NewConnection DisableClientMultiStatements=false connectionID=5
time="2026-03-20T22:22:41Z" level=info msg=ConnectionClosed connectionID=5
time="2026-03-20T22:22:41Z" level=info msg=NewConnection DisableClientMultiStatements=false connectionID=6
time="2026-03-20T22:22:41Z" level=info msg=ConnectionClosed connectionID=6
time="2026-03-20T22:22:41Z" level=info msg=ConnectionClosed connectionID=4
time="2026-03-20T22:22:41Z" level=info msg=NewConnection DisableClientMultiStatements=false connectionID=7
time="2026-03-20T22:22:41Z" level=info msg=ConnectionClosed connectionID=7
time="2026-03-20T22:22:41Z" level=info msg="Server closing listener. No longer accepting connections."
time="2026-03-20T22:22:41Z" level=info msg="stats stopped: context canceled"
Starting server with Config HP="127.0.0.1:52028"|T="28800000"|R="false"|L="info"
time="2026-03-20T22:22:55Z" level=info msg="Server ready. Accepting connections."
time="2026-03-20T22:22:55Z" level=warning msg="secure_file_priv is set to \"\", which is insecure."
time="2026-03-20T22:22:55Z" level=warning msg="Any user with GRANT FILE privileges will be able to read any file which the sql-server process can read."
time="2026-03-20T22:22:55Z" level=warning msg="Please consider restarting the server with secure_file_priv set to a safe (or non-existent) directory."
time="2026-03-20T22:22:55Z" level=info msg=NewConnection DisableClientMultiStatements=false connectionID=1
time="2026-03-20T22:22:55Z" level=info msg=NewConnection DisableClientMultiStatements=false connectionID=2
time="2026-03-20T22:22:55Z" level=info msg=NewConnection DisableClientMultiStatements=false connectionID=3
time="2026-03-20T22:22:55Z" level=info msg=ConnectionClosed connectionID=1
time="2026-03-20T22:22:55Z" level=info msg=ConnectionClosed connectionID=2
time="2026-03-20T22:22:55Z" level=info msg=NewConnection DisableClientMultiStatements=false connectionID=4
time="2026-03-20T22:22:55Z" level=info msg=ConnectionClosed connectionID=3
time="2026-03-20T22:22:55Z" level=info msg=ConnectionClosed connectionID=4
time="2026-03-20T22:22:55Z" level=info msg=NewConnection DisableClientMultiStatements=false connectionID=5
time="2026-03-20T22:22:55Z" level=info msg=ConnectionClosed connectionID=5
time="2026-03-20T22:22:55Z" level=info msg="Server closing listener. No longer accepting connections."
time="2026-03-20T22:22:55Z" level=info msg="stats stopped: context canceled"
Starting server with Config HP="127.0.0.1:52046"|T="28800000"|R="false"|L="info"
time="2026-03-20T22:23:10Z" level=info msg="Server ready. Accepting connections."
time="2026-03-20T22:23:10Z" level=warning msg="secure_file_priv is set to \"\", which is insecure."
time="2026-03-20T22:23:10Z" level=warning msg="Any user with GRANT FILE privileges will be able to read any file which the sql-server process can read."
time="2026-03-20T22:23:10Z" level=warning msg="Please consider restarting the server with secure_file_priv set to a safe (or non-existent) directory."
time="2026-03-20T22:23:10Z" level=info msg=NewConnection DisableClientMultiStatements=false connectionID=2
time="2026-03-20T22:23:10Z" level=info msg=NewConnection DisableClientMultiStatements=false connectionID=1
time="2026-03-20T22:23:10Z" level=info msg=NewConnection DisableClientMultiStatements=false connectionID=3
time="2026-03-20T22:23:10Z" level=info msg=ConnectionClosed connectionID=1
time="2026-03-20T22:23:10Z" level=info msg=ConnectionClosed connectionID=2
time="2026-03-20T22:23:10Z" level=info msg=NewConnection DisableClientMultiStatements=false connectionID=4
time="2026-03-20T22:23:10Z" level=info msg=ConnectionClosed connectionID=3
time="2026-03-20T22:23:11Z" level=info msg=ConnectionClosed connectionID=4
time="2026-03-20T22:23:11Z" level=info msg=NewConnection DisableClientMultiStatements=false connectionID=5
time="2026-03-20T22:23:11Z" level=info msg="Server closing listener. No longer accepting connections."
time="2026-03-20T22:23:11Z" level=info msg=ConnectionClosed connectionID=5
time="2026-03-20T22:23:11Z" level=info msg="stats stopped: context canceled"
Starting server with Config HP="127.0.0.1:52160"|T="28800000"|R="false"|L="info"
time="2026-03-20T22:28:13Z" level=info msg="Server ready. Accepting connections."
time="2026-03-20T22:28:13Z" level=warning msg="secure_file_priv is set to \"\", which is insecure."
time="2026-03-20T22:28:13Z" level=warning msg="Any user with GRANT FILE privileges will be able to read any file which the sql-server process can read."
time="2026-03-20T22:28:13Z" level=warning msg="Please consider restarting the server with secure_file_priv set to a safe (or non-existent) directory."
time="2026-03-20T22:28:13Z" level=info msg=NewConnection DisableClientMultiStatements=false connectionID=2
time="2026-03-20T22:28:13Z" level=info msg=NewConnection DisableClientMultiStatements=false connectionID=1
time="2026-03-20T22:28:13Z" level=info msg=ConnectionClosed connectionID=1
time="2026-03-20T22:28:13Z" level=info msg=ConnectionClosed connectionID=2
time="2026-03-20T22:28:13Z" level=info msg=NewConnection DisableClientMultiStatements=false connectionID=3
time="2026-03-20T22:28:13Z" level=info msg=NewConnection DisableClientMultiStatements=false connectionID=4
time="2026-03-20T22:28:13Z" level=info msg=ConnectionClosed connectionID=3
time="2026-03-20T22:28:13Z" level=info msg=ConnectionClosed connectionID=4
time="2026-03-20T22:28:13Z" level=info msg=NewConnection DisableClientMultiStatements=false connectionID=5
time="2026-03-20T22:28:13Z" level=info msg=ConnectionClosed connectionID=5
time="2026-03-20T22:28:13Z" level=info msg="Server closing listener. No longer accepting connections."
time="2026-03-20T22:28:13Z" level=info msg="stats stopped: context canceled"
Starting server with Config HP="127.0.0.1:52549"|T="28800000"|R="false"|L="info"
time="2026-03-20T22:45:43Z" level=info msg="Server ready. Accepting connections."
time="2026-03-20T22:45:43Z" level=warning msg="secure_file_priv is set to \"\", which is insecure."
time="2026-03-20T22:45:43Z" level=warning msg="Any user with GRANT FILE privileges will be able to read any file which the sql-server process can read."
time="2026-03-20T22:45:43Z" level=warning msg="Please consider restarting the server with secure_file_priv set to a safe (or non-existent) directory."
time="2026-03-20T22:45:43Z" level=info msg=NewConnection DisableClientMultiStatements=false connectionID=1
time="2026-03-20T22:45:43Z" level=info msg=NewConnection DisableClientMultiStatements=false connectionID=2
time="2026-03-20T22:45:43Z" level=info msg=NewConnection DisableClientMultiStatements=false connectionID=3
time="2026-03-20T22:45:43Z" level=info msg=ConnectionClosed connectionID=2
time="2026-03-20T22:45:43Z" level=info msg=ConnectionClosed connectionID=1
time="2026-03-20T22:45:43Z" level=info msg=NewConnection DisableClientMultiStatements=false connectionID=4
time="2026-03-20T22:45:43Z" level=info msg=ConnectionClosed connectionID=3
time="2026-03-20T22:45:43Z" level=info msg=NewConnection DisableClientMultiStatements=false connectionID=5
time="2026-03-20T22:45:43Z" level=info msg=ConnectionClosed connectionID=5
time="2026-03-20T22:45:43Z" level=info msg=NewConnection DisableClientMultiStatements=false connectionID=6
time="2026-03-20T22:45:43Z" level=info msg=NewConnection DisableClientMultiStatements=false connectionID=7
time="2026-03-20T22:45:43Z" level=info msg=ConnectionClosed connectionID=6
time="2026-03-20T22:45:43Z" level=warning msg="error running query" connectTime="2026-03-20 22:45:43.237312 +0000 GMT m=+0.203613792" connectionDb=human_hum connectionID=4 error="nothing to commit" queryTime="2026-03-20 22:45:43.260134 +0000 GMT m=+0.226435751"
time="2026-03-20T22:45:43Z" level=warning msg="error running query" connectTime="2026-03-20 22:45:43.252901 +0000 GMT m=+0.219202917" connectionDb=human_hum connectionID=7 error="nothing to commit" queryTime="2026-03-20 22:45:43.265376 +0000 GMT m=+0.231677917"
time="2026-03-20T22:45:43Z" level=info msg=NewConnection DisableClientMultiStatements=false connectionID=8
time="2026-03-20T22:45:43Z" level=info msg=NewConnection DisableClientMultiStatements=false connectionID=9
time="2026-03-20T22:45:43Z" level=info msg=ConnectionClosed connectionID=8
time="2026-03-20T22:45:43Z" level=info msg=ConnectionClosed connectionID=9
time="2026-03-20T22:45:43Z" level=info msg=NewConnection DisableClientMultiStatements=false connectionID=10
time="2026-03-20T22:45:43Z" level=info msg=ConnectionClosed connectionID=10
time="2026-03-20T22:45:43Z" level=info msg=NewConnection DisableClientMultiStatements=false connectionID=11
time="2026-03-20T22:45:43Z" level=info msg=ConnectionClosed connectionID=11
time="2026-03-20T22:45:43Z" level=info msg=ConnectionClosed connectionID=4
time="2026-03-20T22:45:43Z" level=info msg=ConnectionClosed connectionID=7
time="2026-03-20T22:45:43Z" level=info msg=NewConnection DisableClientMultiStatements=false connectionID=12
time="2026-03-20T22:45:43Z" level=info msg=ConnectionClosed connectionID=12
time="2026-03-20T22:45:43Z" level=info msg="Server closing listener. No longer accepting connections."
time="2026-03-20T22:45:43Z" level=info msg="stats stopped: context canceled"
Starting server with Config HP="127.0.0.1:52628"|T="28800000"|R="false"|L="info"
time="2026-03-20T22:46:50Z" level=info msg="Server ready. Accepting connections."
time="2026-03-20T22:46:50Z" level=warning msg="secure_file_priv is set to \"\", which is insecure."
time="2026-03-20T22:46:50Z" level=warning msg="Any user with GRANT FILE privileges will be able to read any file which the sql-server process can read."
time="2026-03-20T22:46:50Z" level=warning msg="Please consider restarting the server with secure_file_priv set to a safe (or non-existent) directory."
time="2026-03-20T22:46:50Z" level=info msg=NewConnection DisableClientMultiStatements=false connectionID=2
time="2026-03-20T22:46:50Z" level=info msg=NewConnection DisableClientMultiStatements=false connectionID=1
time="2026-03-20T22:46:50Z" level=info msg=NewConnection DisableClientMultiStatements=false connectionID=3
time="2026-03-20T22:46:50Z" level=info msg=ConnectionClosed connectionID=2
time="2026-03-20T22:46:50Z" level=info msg=ConnectionClosed connectionID=1
time="2026-03-20T22:46:50Z" level=info msg=NewConnection DisableClientMultiStatements=false connectionID=4
time="2026-03-20T22:46:50Z" level=info msg=ConnectionClosed connectionID=3
time="2026-03-20T22:46:50Z" level=info msg=ConnectionClosed connectionID=4
time="2026-03-20T22:46:50Z" level=info msg=NewConnection DisableClientMultiStatements=false connectionID=5
time="2026-03-20T22:46:50Z" level=info msg=ConnectionClosed connectionID=5
time="2026-03-20T22:46:50Z" level=info msg="Server closing listener. No longer accepting connections."
time="2026-03-20T22:46:50Z" level=info msg="stats stopped: context canceled"
Starting server with Config HP="127.0.0.1:52643"|T="28800000"|R="false"|L="info"
time="2026-03-20T22:46:55Z" level=info msg="Server ready. Accepting connections."
time="2026-03-20T22:46:55Z" level=warning msg="secure_file_priv is set to \"\", which is insecure."
time="2026-03-20T22:46:55Z" level=warning msg="Any user with GRANT FILE privileges will be able to read any file which the sql-server process can read."
time="2026-03-20T22:46:55Z" level=warning msg="Please consider restarting the server with secure_file_priv set to a safe (or non-existent) directory."
time="2026-03-20T22:46:56Z" level=info msg=NewConnection DisableClientMultiStatements=false connectionID=1
time="2026-03-20T22:46:56Z" level=info msg=ConnectionClosed connectionID=1
time="2026-03-20T22:46:56Z" level=info msg=NewConnection DisableClientMultiStatements=false connectionID=2
time="2026-03-20T22:46:56Z" level=info msg=ConnectionClosed connectionID=2
time="2026-03-20T22:46:56Z" level=info msg=NewConnection DisableClientMultiStatements=false connectionID=3
time="2026-03-20T22:46:56Z" level=info msg=NewConnection DisableClientMultiStatements=false connectionID=4
time="2026-03-20T22:46:56Z" level=info msg=ConnectionClosed connectionID=3
time="2026-03-20T22:46:56Z" level=info msg=ConnectionClosed connectionID=4
time="2026-03-20T22:46:56Z" level=info msg=NewConnection DisableClientMultiStatements=false connectionID=5
time="2026-03-20T22:46:56Z" level=info msg=ConnectionClosed connectionID=5
time="2026-03-20T22:46:56Z" level=info msg="Server closing listener. No longer accepting connections."
time="2026-03-20T22:46:56Z" level=info msg="stats stopped: context canceled"
Starting server with Config HP="127.0.0.1:52662"|T="28800000"|R="false"|L="info"
time="2026-03-20T22:47:01Z" level=info msg="Server ready. Accepting connections."
time="2026-03-20T22:47:01Z" level=warning msg="secure_file_priv is set to \"\", which is insecure."
time="2026-03-20T22:47:01Z" level=warning msg="Any user with GRANT FILE privileges will be able to read any file which the sql-server process can read."
time="2026-03-20T22:47:01Z" level=warning msg="Please consider restarting the server with secure_file_priv set to a safe (or non-existent) directory."
time="2026-03-20T22:47:01Z" level=info msg=NewConnection DisableClientMultiStatements=false connectionID=1
time="2026-03-20T22:47:01Z" level=info msg=ConnectionClosed connectionID=1
time="2026-03-20T22:47:01Z" level=info msg=NewConnection DisableClientMultiStatements=false connectionID=2
time="2026-03-20T22:47:01Z" level=info msg=ConnectionClosed connectionID=2
time="2026-03-20T22:47:01Z" level=info msg=NewConnection DisableClientMultiStatements=false connectionID=3
time="2026-03-20T22:47:01Z" level=info msg=NewConnection DisableClientMultiStatements=false connectionID=4
time="2026-03-20T22:47:01Z" level=info msg=ConnectionClosed connectionID=3
time="2026-03-20T22:47:01Z" level=info msg=ConnectionClosed connectionID=4
time="2026-03-20T22:47:01Z" level=info msg=NewConnection DisableClientMultiStatements=false connectionID=5
time="2026-03-20T22:47:01Z" level=info msg=ConnectionClosed connectionID=5
time="2026-03-20T22:47:01Z" level=info msg="Server closing listener. No longer accepting connections."
time="2026-03-20T22:47:01Z" level=info msg="stats stopped: context canceled"
Starting server with Config HP="127.0.0.1:52682"|T="28800000"|R="false"|L="info"
time="2026-03-20T22:47:06Z" level=info msg="Server ready. Accepting connections."
time="2026-03-20T22:47:06Z" level=warning msg="secure_file_priv is set to \"\", which is insecure."
time="2026-03-20T22:47:06Z" level=warning msg="Any user with GRANT FILE privileges will be able to read any file which the sql-server process can read."
time="2026-03-20T22:47:06Z" level=warning msg="Please consider restarting the server with secure_file_priv set to a safe (or non-existent) directory."
time="2026-03-20T22:47:06Z" level=info msg=NewConnection DisableClientMultiStatements=false connectionID=1
time="2026-03-20T22:47:06Z" level=info msg=ConnectionClosed connectionID=1
time="2026-03-20T22:47:06Z" level=info msg=NewConnection DisableClientMultiStatements=false connectionID=2
time="2026-03-20T22:47:06Z" level=info msg=ConnectionClosed connectionID=2
time="2026-03-20T22:47:06Z" level=info msg=NewConnection DisableClientMultiStatements=false connectionID=3
time="2026-03-20T22:47:06Z" level=info msg=NewConnection DisableClientMultiStatements=false connectionID=4
time="2026-03-20T22:47:06Z" level=info msg=ConnectionClosed connectionID=3
time="2026-03-20T22:47:06Z" level=info msg=ConnectionClosed connectionID=4
time="2026-03-20T22:47:07Z" level=info msg=NewConnection DisableClientMultiStatements=false connectionID=5
time="2026-03-20T22:47:07Z" level=info msg=ConnectionClosed connectionID=5
time="2026-03-20T22:47:07Z" level=info msg="Server closing listener. No longer accepting connections."
time="2026-03-20T22:47:07Z" level=info msg="stats stopped: context canceled"
Starting server with Config HP="127.0.0.1:52703"|T="28800000"|R="false"|L="info"
time="2026-03-20T22:47:12Z" level=info msg="Server ready. Accepting connections."
time="2026-03-20T22:47:12Z" level=warning msg="secure_file_priv is set to \"\", which is insecure."
time="2026-03-20T22:47:12Z" level=warning msg="Any user with GRANT FILE privileges will be able to read any file which the sql-server process can read."
time="2026-03-20T22:47:12Z" level=warning msg="Please consider restarting the server with secure_file_priv set to a safe (or non-existent) directory."
time="2026-03-20T22:47:12Z" level=info msg=NewConnection DisableClientMultiStatements=false connectionID=1
time="2026-03-20T22:47:12Z" level=info msg=ConnectionClosed connectionID=1
time="2026-03-20T22:47:12Z" level=info msg=NewConnection DisableClientMultiStatements=false connectionID=2
time="2026-03-20T22:47:12Z" level=info msg=ConnectionClosed connectionID=2
time="2026-03-20T22:47:12Z" level=info msg=NewConnection DisableClientMultiStatements=false connectionID=3
time="2026-03-20T22:47:12Z" level=info msg=NewConnection DisableClientMultiStatements=false connectionID=4
time="2026-03-20T22:47:12Z" level=info msg=ConnectionClosed connectionID=3
time="2026-03-20T22:47:12Z" level=info msg=ConnectionClosed connectionID=4
time="2026-03-20T22:47:12Z" level=info msg=NewConnection DisableClientMultiStatements=false connectionID=5
time="2026-03-20T22:47:12Z" level=info msg=ConnectionClosed connectionID=5
time="2026-03-20T22:47:12Z" level=info msg="Server closing listener. No longer accepting connections."
time="2026-03-20T22:47:12Z" level=info msg="stats stopped: context canceled"
Starting server with Config HP="127.0.0.1:52726"|T="28800000"|R="false"|L="info"
time="2026-03-20T22:47:18Z" level=info msg="Server ready. Accepting connections."
time="2026-03-20T22:47:18Z" level=warning msg="secure_file_priv is set to \"\", which is insecure."
time="2026-03-20T22:47:18Z" level=warning msg="Any user with GRANT FILE privileges will be able to read any file which the sql-server process can read."
time="2026-03-20T22:47:18Z" level=warning msg="Please consider restarting the server with secure_file_priv set to a safe (or non-existent) directory."
time="2026-03-20T22:47:18Z" level=info msg=NewConnection DisableClientMultiStatements=false connectionID=1
time="2026-03-20T22:47:18Z" level=info msg=ConnectionClosed connectionID=1
time="2026-03-20T22:47:18Z" level=info msg=NewConnection DisableClientMultiStatements=false connectionID=2
time="2026-03-20T22:47:18Z" level=info msg=ConnectionClosed connectionID=2
time="2026-03-20T22:47:18Z" level=info msg=NewConnection DisableClientMultiStatements=false connectionID=3
time="2026-03-20T22:47:18Z" level=info msg=NewConnection DisableClientMultiStatements=false connectionID=4
time="2026-03-20T22:47:18Z" level=info msg=ConnectionClosed connectionID=3
time="2026-03-20T22:47:18Z" level=info msg=ConnectionClosed connectionID=4
time="2026-03-20T22:47:18Z" level=info msg=NewConnection DisableClientMultiStatements=false connectionID=5
time="2026-03-20T22:47:18Z" level=info msg=ConnectionClosed connectionID=5
time="2026-03-20T22:47:18Z" level=info msg="Server closing listener. No longer accepting connections."
time="2026-03-20T22:47:18Z" level=info msg="stats stopped: context canceled"
Starting server with Config HP="127.0.0.1:52751"|T="28800000"|R="false"|L="info"
time="2026-03-20T22:47:24Z" level=info msg="Server ready. Accepting connections."
time="2026-03-20T22:47:24Z" level=warning msg="secure_file_priv is set to \"\", which is insecure."
time="2026-03-20T22:47:24Z" level=warning msg="Any user with GRANT FILE privileges will be able to read any file which the sql-server process can read."
time="2026-03-20T22:47:24Z" level=warning msg="Please consider restarting the server with secure_file_priv set to a safe (or non-existent) directory."
time="2026-03-20T22:47:24Z" level=info msg=NewConnection DisableClientMultiStatements=false connectionID=1
time="2026-03-20T22:47:24Z" level=info msg=ConnectionClosed connectionID=1
time="2026-03-20T22:47:24Z" level=info msg=NewConnection DisableClientMultiStatements=false connectionID=2
time="2026-03-20T22:47:24Z" level=info msg=ConnectionClosed connectionID=2
time="2026-03-20T22:47:24Z" level=info msg=NewConnection DisableClientMultiStatements=false connectionID=3
time="2026-03-20T22:47:24Z" level=info msg=NewConnection DisableClientMultiStatements=false connectionID=4
time="2026-03-20T22:47:24Z" level=info msg=ConnectionClosed connectionID=3
time="2026-03-20T22:47:24Z" level=info msg=ConnectionClosed connectionID=4
time="2026-03-20T22:47:24Z" level=info msg=NewConnection DisableClientMultiStatements=false connectionID=5
time="2026-03-20T22:47:24Z" level=info msg=ConnectionClosed connectionID=5
time="2026-03-20T22:47:24Z" level=info msg="Server closing listener. No longer accepting connections."
time="2026-03-20T22:47:24Z" level=info msg="stats stopped: context canceled"
Starting server with Config HP="127.0.0.1:52769"|T="28800000"|R="false"|L="info"
time="2026-03-20T22:47:29Z" level=info msg="Server ready. Accepting connections."
time="2026-03-20T22:47:29Z" level=warning msg="secure_file_priv is set to \"\", which is insecure."
time="2026-03-20T22:47:29Z" level=warning msg="Any user with GRANT FILE privileges will be able to read any file which the sql-server process can read."
time="2026-03-20T22:47:29Z" level=warning msg="Please consider restarting the server with secure_file_priv set to a safe (or non-existent) directory."
time="2026-03-20T22:47:29Z" level=info msg=NewConnection DisableClientMultiStatements=false connectionID=1
time="2026-03-20T22:47:29Z" level=info msg=ConnectionClosed connectionID=1
time="2026-03-20T22:47:29Z" level=info msg=NewConnection DisableClientMultiStatements=false connectionID=2
time="2026-03-20T22:47:29Z" level=info msg=ConnectionClosed connectionID=2
time="2026-03-20T22:47:29Z" level=info msg=NewConnection DisableClientMultiStatements=false connectionID=3
time="2026-03-20T22:47:29Z" level=info msg=NewConnection DisableClientMultiStatements=false connectionID=4
time="2026-03-20T22:47:29Z" level=info msg=ConnectionClosed connectionID=3
time="2026-03-20T22:47:29Z" level=info msg=ConnectionClosed connectionID=4
time="2026-03-20T22:47:29Z" level=info msg=NewConnection DisableClientMultiStatements=false connectionID=5
time="2026-03-20T22:47:29Z" level=info msg="Server closing listener. No longer accepting connections."
time="2026-03-20T22:47:29Z" level=info msg=ConnectionClosed connectionID=5
time="2026-03-20T22:47:29Z" level=info msg="stats stopped: context canceled"
Starting server with Config HP="127.0.0.1:52786"|T="28800000"|R="false"|L="info"
time="2026-03-20T22:47:34Z" level=info msg="Server ready. Accepting connections."
time="2026-03-20T22:47:34Z" level=warning msg="secure_file_priv is set to \"\", which is insecure."
time="2026-03-20T22:47:34Z" level=warning msg="Any user with GRANT FILE privileges will be able to read any file which the sql-server process can read."
time="2026-03-20T22:47:34Z" level=warning msg="Please consider restarting the server with secure_file_priv set to a safe (or non-existent) directory."
time="2026-03-20T22:47:35Z" level=info msg=NewConnection DisableClientMultiStatements=false connectionID=1
time="2026-03-20T22:47:35Z" level=info msg=NewConnection DisableClientMultiStatements=false connectionID=2
time="2026-03-20T22:47:35Z" level=info msg=ConnectionClosed connectionID=1
time="2026-03-20T22:47:35Z" level=info msg=ConnectionClosed connectionID=2
time="2026-03-20T22:47:35Z" level=info msg=NewConnection DisableClientMultiStatements=false connectionID=3
time="2026-03-20T22:47:35Z" level=info msg=NewConnection DisableClientMultiStatements=false connectionID=4
time="2026-03-20T22:47:35Z" level=info msg=ConnectionClosed connectionID=3
time="2026-03-20T22:47:35Z" level=info msg=ConnectionClosed connectionID=4
time="2026-03-20T22:47:35Z" level=info msg=NewConnection DisableClientMultiStatements=false connectionID=5
time="2026-03-20T22:47:35Z" level=info msg=ConnectionClosed connectionID=5
time="2026-03-20T22:47:35Z" level=info msg="Server closing listener. No longer accepting connections."
time="2026-03-20T22:47:35Z" level=info msg="stats stopped: context canceled"
Starting server with Config HP="127.0.0.1:52810"|T="28800000"|R="false"|L="info"
time="2026-03-20T22:47:40Z" level=info msg="Server ready. Accepting connections."
time="2026-03-20T22:47:40Z" level=warning msg="secure_file_priv is set to \"\", which is insecure."
time="2026-03-20T22:47:40Z" level=warning msg="Any user with GRANT FILE privileges will be able to read any file which the sql-server process can read."
time="2026-03-20T22:47:40Z" level=warning msg="Please consider restarting the server with secure_file_priv set to a safe (or non-existent) directory."
time="2026-03-20T22:47:40Z" level=info msg=NewConnection DisableClientMultiStatements=false connectionID=1
time="2026-03-20T22:47:40Z" level=info msg=ConnectionClosed connectionID=1
time="2026-03-20T22:47:40Z" level=info msg=NewConnection DisableClientMultiStatements=false connectionID=2
time="2026-03-20T22:47:40Z" level=info msg=ConnectionClosed connectionID=2
time="2026-03-20T22:47:40Z" level=info msg=NewConnection DisableClientMultiStatements=false connectionID=3
time="2026-03-20T22:47:40Z" level=info msg=NewConnection DisableClientMultiStatements=false connectionID=4
time="2026-03-20T22:47:40Z" level=info msg=ConnectionClosed connectionID=3
time="2026-03-20T22:47:40Z" level=info msg=ConnectionClosed connectionID=4
time="2026-03-20T22:47:40Z" level=info msg=NewConnection DisableClientMultiStatements=false connectionID=5
time="2026-03-20T22:47:40Z" level=info msg=ConnectionClosed connectionID=5
time="2026-03-20T22:47:40Z" level=info msg="Server closing listener. No longer accepting connections."
time="2026-03-20T22:47:40Z" level=info msg="stats stopped: context canceled"
Starting server with Config HP="127.0.0.1:52834"|T="28800000"|R="false"|L="info"
time="2026-03-20T22:47:45Z" level=info msg="Server ready. Accepting connections."
time="2026-03-20T22:47:45Z" level=warning msg="secure_file_priv is set to \"\", which is insecure."
time="2026-03-20T22:47:45Z" level=warning msg="Any user with GRANT FILE privileges will be able to read any file which the sql-server process can read."
time="2026-03-20T22:47:45Z" level=warning msg="Please consider restarting the server with secure_file_priv set to a safe (or non-existent) directory."
time="2026-03-20T22:47:45Z" level=info msg=NewConnection DisableClientMultiStatements=false connectionID=1
time="2026-03-20T22:47:45Z" level=info msg=ConnectionClosed connectionID=1
time="2026-03-20T22:47:45Z" level=info msg=NewConnection DisableClientMultiStatements=false connectionID=2
time="2026-03-20T22:47:45Z" level=info msg=ConnectionClosed connectionID=2
time="2026-03-20T22:47:45Z" level=info msg=NewConnection DisableClientMultiStatements=false connectionID=3
time="2026-03-20T22:47:45Z" level=info msg=NewConnection DisableClientMultiStatements=false connectionID=4
time="2026-03-20T22:47:45Z" level=info msg=ConnectionClosed connectionID=3
time="2026-03-20T22:47:45Z" level=info msg=ConnectionClosed connectionID=4
time="2026-03-20T22:47:45Z" level=info msg=NewConnection DisableClientMultiStatements=false connectionID=5
time="2026-03-20T22:47:45Z" level=info msg=ConnectionClosed connectionID=5
time="2026-03-20T22:47:45Z" level=info msg="Server closing listener. No longer accepting connections."
time="2026-03-20T22:47:45Z" level=info msg="stats stopped: context canceled"
Starting server with Config HP="127.0.0.1:52855"|T="28800000"|R="false"|L="info"
time="2026-03-20T22:47:51Z" level=info msg="Server ready. Accepting connections."
time="2026-03-20T22:47:51Z" level=warning msg="secure_file_priv is set to \"\", which is insecure."
time="2026-03-20T22:47:51Z" level=warning msg="Any user with GRANT FILE privileges will be able to read any file which the sql-server process can read."
time="2026-03-20T22:47:51Z" level=warning msg="Please consider restarting the server with secure_file_priv set to a safe (or non-existent) directory."
time="2026-03-20T22:47:51Z" level=info msg=NewConnection DisableClientMultiStatements=false connectionID=2
time="2026-03-20T22:47:51Z" level=info msg=NewConnection DisableClientMultiStatements=false connectionID=1
time="2026-03-20T22:47:51Z" level=info msg=NewConnection DisableClientMultiStatements=false connectionID=3
time="2026-03-20T22:47:51Z" level=info msg=ConnectionClosed connectionID=2
time="2026-03-20T22:47:51Z" level=info msg=ConnectionClosed connectionID=1
time="2026-03-20T22:47:51Z" level=info msg=NewConnection DisableClientMultiStatements=false connectionID=4
time="2026-03-20T22:47:51Z" level=info msg=ConnectionClosed connectionID=3
time="2026-03-20T22:47:51Z" level=info msg=ConnectionClosed connectionID=4
time="2026-03-20T22:47:51Z" level=info msg=NewConnection DisableClientMultiStatements=false connectionID=5
time="2026-03-20T22:47:51Z" level=info msg=ConnectionClosed connectionID=5
time="2026-03-20T22:47:51Z" level=info msg="Server closing listener. No longer accepting connections."
time="2026-03-20T22:47:51Z" level=info msg="stats stopped: context canceled"
Starting server with Config HP="127.0.0.1:52873"|T="28800000"|R="false"|L="info"
time="2026-03-20T22:47:56Z" level=info msg="Server ready. Accepting connections."
time="2026-03-20T22:47:56Z" level=warning msg="secure_file_priv is set to \"\", which is insecure."
time="2026-03-20T22:47:56Z" level=warning msg="Any user with GRANT FILE privileges will be able to read any file which the sql-server process can read."
time="2026-03-20T22:47:56Z" level=warning msg="Please consider restarting the server with secure_file_priv set to a safe (or non-existent) directory."
time="2026-03-20T22:47:56Z" level=info msg=NewConnection DisableClientMultiStatements=false connectionID=1
time="2026-03-20T22:47:56Z" level=info msg=ConnectionClosed connectionID=1
time="2026-03-20T22:47:56Z" level=info msg=NewConnection DisableClientMultiStatements=false connectionID=2
time="2026-03-20T22:47:56Z" level=info msg=ConnectionClosed connectionID=2
time="2026-03-20T22:47:56Z" level=info msg=NewConnection DisableClientMultiStatements=false connectionID=3
time="2026-03-20T22:47:56Z" level=info msg=NewConnection DisableClientMultiStatements=false connectionID=4
time="2026-03-20T22:47:56Z" level=info msg=ConnectionClosed connectionID=3
time="2026-03-20T22:47:56Z" level=info msg=ConnectionClosed connectionID=4
time="2026-03-20T22:47:56Z" level=info msg=NewConnection DisableClientMultiStatements=false connectionID=5
time="2026-03-20T22:47:56Z" level=info msg=ConnectionClosed connectionID=5
time="2026-03-20T22:47:56Z" level=info msg="Server closing listener. No longer accepting connections."
time="2026-03-20T22:47:56Z" level=info msg="stats stopped: context canceled"
Starting server with Config HP="127.0.0.1:52892"|T="28800000"|R="false"|L="info"
time="2026-03-20T22:48:02Z" level=info msg="Server ready. Accepting connections."
time="2026-03-20T22:48:02Z" level=warning msg="secure_file_priv is set to \"\", which is insecure."
time="2026-03-20T22:48:02Z" level=warning msg="Any user with GRANT FILE privileges will be able to read any file which the sql-server process can read."
time="2026-03-20T22:48:02Z" level=warning msg="Please consider restarting the server with secure_file_priv set to a safe (or non-existent) directory."
time="2026-03-20T22:48:02Z" level=info msg=NewConnection DisableClientMultiStatements=false connectionID=1
time="2026-03-20T22:48:02Z" level=info msg=ConnectionClosed connectionID=1
time="2026-03-20T22:48:02Z" level=info msg=NewConnection DisableClientMultiStatements=false connectionID=2
time="2026-03-20T22:48:02Z" level=info msg=ConnectionClosed connectionID=2
time="2026-03-20T22:48:02Z" level=info msg=NewConnection DisableClientMultiStatements=false connectionID=3
time="2026-03-20T22:48:02Z" level=info msg=NewConnection DisableClientMultiStatements=false connectionID=4
time="2026-03-20T22:48:02Z" level=info msg=ConnectionClosed connectionID=3
time="2026-03-20T22:48:02Z" level=info msg=ConnectionClosed connectionID=4
time="2026-03-20T22:48:02Z" level=info msg=NewConnection DisableClientMultiStatements=false connectionID=5
time="2026-03-20T22:48:02Z" level=info msg="Server closing listener. No longer accepting connections."
time="2026-03-20T22:48:02Z" level=info msg=ConnectionClosed connectionID=5
time="2026-03-20T22:48:02Z" level=info msg="stats stopped: context canceled"
Starting server with Config HP="127.0.0.1:52909"|T="28800000"|R="false"|L="info"
time="2026-03-20T22:48:07Z" level=info msg="Server ready. Accepting connections."
time="2026-03-20T22:48:07Z" level=warning msg="secure_file_priv is set to \"\", which is insecure."
time="2026-03-20T22:48:07Z" level=warning msg="Any user with GRANT FILE privileges will be able to read any file which the sql-server process can read."
time="2026-03-20T22:48:07Z" level=warning msg="Please consider restarting the server with secure_file_priv set to a safe (or non-existent) directory."
time="2026-03-20T22:48:07Z" level=info msg=NewConnection DisableClientMultiStatements=false connectionID=1
time="2026-03-20T22:48:07Z" level=info msg=ConnectionClosed connectionID=1
time="2026-03-20T22:48:07Z" level=info msg=NewConnection DisableClientMultiStatements=false connectionID=2
time="2026-03-20T22:48:07Z" level=info msg=ConnectionClosed connectionID=2
time="2026-03-20T22:48:07Z" level=info msg=NewConnection DisableClientMultiStatements=false connectionID=3
time="2026-03-20T22:48:07Z" level=info msg=NewConnection DisableClientMultiStatements=false connectionID=4
time="2026-03-20T22:48:07Z" level=info msg=ConnectionClosed connectionID=3
time="2026-03-20T22:48:07Z" level=warning msg="error running query" connectTime="2026-03-20 22:48:07.800963 +0000 GMT m=+0.198180418" connectionDb=human_hum connectionID=4 error="nothing to commit" queryTime="2026-03-20 22:48:07.815554 +0000 GMT m=+0.212772293"
time="2026-03-20T22:48:07Z" level=info msg=NewConnection DisableClientMultiStatements=false connectionID=5
time="2026-03-20T22:48:07Z" level=info msg=ConnectionClosed connectionID=5
time="2026-03-20T22:48:08Z" level=info msg=NewConnection DisableClientMultiStatements=false connectionID=6
time="2026-03-20T22:48:08Z" level=info msg=ConnectionClosed connectionID=6
time="2026-03-20T22:48:08Z" level=info msg=ConnectionClosed connectionID=4
time="2026-03-20T22:48:08Z" level=info msg=NewConnection DisableClientMultiStatements=false connectionID=7
time="2026-03-20T22:48:08Z" level=info msg=ConnectionClosed connectionID=7
time="2026-03-20T22:48:08Z" level=info msg="Server closing listener. No longer accepting connections."
time="2026-03-20T22:48:08Z" level=info msg="stats stopped: context canceled"
Starting server with Config HP="127.0.0.1:52937"|T="28800000"|R="false"|L="info"
time="2026-03-20T22:48:13Z" level=info msg="Server ready. Accepting connections."
time="2026-03-20T22:48:13Z" level=warning msg="secure_file_priv is set to \"\", which is insecure."
time="2026-03-20T22:48:13Z" level=warning msg="Any user with GRANT FILE privileges will be able to read any file which the sql-server process can read."
time="2026-03-20T22:48:13Z" level=warning msg="Please consider restarting the server with secure_file_priv set to a safe (or non-existent) directory."
time="2026-03-20T22:48:13Z" level=info msg=NewConnection DisableClientMultiStatements=false connectionID=1
time="2026-03-20T22:48:13Z" level=info msg=ConnectionClosed connectionID=1
time="2026-03-20T22:48:13Z" level=info msg=NewConnection DisableClientMultiStatements=false connectionID=2
time="2026-03-20T22:48:13Z" level=info msg=ConnectionClosed connectionID=2
time="2026-03-20T22:48:13Z" level=info msg=NewConnection DisableClientMultiStatements=false connectionID=3
time="2026-03-20T22:48:13Z" level=info msg=NewConnection DisableClientMultiStatements=false connectionID=4
time="2026-03-20T22:48:13Z" level=info msg=ConnectionClosed connectionID=3
time="2026-03-20T22:48:13Z" level=info msg=ConnectionClosed connectionID=4
time="2026-03-20T22:48:13Z" level=info msg=NewConnection DisableClientMultiStatements=false connectionID=5
time="2026-03-20T22:48:13Z" level=info msg=ConnectionClosed connectionID=5
time="2026-03-20T22:48:13Z" level=info msg="Server closing listener. No longer accepting connections."
time="2026-03-20T22:48:13Z" level=info msg="stats stopped: context canceled"
Starting server with Config HP="127.0.0.1:52958"|T="28800000"|R="false"|L="info"
time="2026-03-20T22:48:19Z" level=info msg="Server ready. Accepting connections."
time="2026-03-20T22:48:19Z" level=warning msg="secure_file_priv is set to \"\", which is insecure."
time="2026-03-20T22:48:19Z" level=warning msg="Any user with GRANT FILE privileges will be able to read any file which the sql-server process can read."
time="2026-03-20T22:48:19Z" level=warning msg="Please consider restarting the server with secure_file_priv set to a safe (or non-existent) directory."
time="2026-03-20T22:48:19Z" level=info msg=NewConnection DisableClientMultiStatements=false connectionID=1
time="2026-03-20T22:48:19Z" level=info msg=NewConnection DisableClientMultiStatements=false connectionID=2
time="2026-03-20T22:48:19Z" level=info msg=ConnectionClosed connectionID=1
time="2026-03-20T22:48:19Z" level=info msg=ConnectionClosed connectionID=2
time="2026-03-20T22:48:19Z" level=info msg=NewConnection DisableClientMultiStatements=false connectionID=3
time="2026-03-20T22:48:19Z" level=info msg=NewConnection DisableClientMultiStatements=false connectionID=4
time="2026-03-20T22:48:19Z" level=info msg=ConnectionClosed connectionID=3
time="2026-03-20T22:48:19Z" level=warning msg="error running query" connectTime="2026-03-20 22:48:19.210832 +0000 GMT m=+0.196944792" connectionDb=human_hum connectionID=4 error="nothing to commit" queryTime="2026-03-20 22:48:19.218156 +0000 GMT m=+0.204268709"
time="2026-03-20T22:48:19Z" level=info msg=NewConnection DisableClientMultiStatements=false connectionID=5
time="2026-03-20T22:48:19Z" level=info msg=ConnectionClosed connectionID=5
time="2026-03-20T22:48:19Z" level=info msg=NewConnection DisableClientMultiStatements=false connectionID=6
time="2026-03-20T22:48:19Z" level=info msg=ConnectionClosed connectionID=6
time="2026-03-20T22:48:19Z" level=info msg=ConnectionClosed connectionID=4
time="2026-03-20T22:48:19Z" level=info msg=NewConnection DisableClientMultiStatements=false connectionID=7
time="2026-03-20T22:48:19Z" level=info msg=ConnectionClosed connectionID=7
time="2026-03-20T22:48:19Z" level=info msg="Server closing listener. No longer accepting connections."
time="2026-03-20T22:48:19Z" level=info msg="stats stopped: context canceled"
Starting server with Config HP="127.0.0.1:52996"|T="28800000"|R="false"|L="info"
time="2026-03-20T22:48:24Z" level=info msg="Server ready. Accepting connections."
time="2026-03-20T22:48:24Z" level=warning msg="secure_file_priv is set to \"\", which is insecure."
time="2026-03-20T22:48:24Z" level=warning msg="Any user with GRANT FILE privileges will be able to read any file which the sql-server process can read."
time="2026-03-20T22:48:24Z" level=warning msg="Please consider restarting the server with secure_file_priv set to a safe (or non-existent) directory."
time="2026-03-20T22:48:25Z" level=info msg=NewConnection DisableClientMultiStatements=false connectionID=1
time="2026-03-20T22:48:25Z" level=info msg=NewConnection DisableClientMultiStatements=false connectionID=2
time="2026-03-20T22:48:25Z" level=info msg=ConnectionClosed connectionID=2
time="2026-03-20T22:48:25Z" level=info msg=ConnectionClosed connectionID=1
time="2026-03-20T22:48:25Z" level=info msg=NewConnection DisableClientMultiStatements=false connectionID=3
time="2026-03-20T22:48:25Z" level=info msg=NewConnection DisableClientMultiStatements=false connectionID=4
time="2026-03-20T22:48:25Z" level=info msg=ConnectionClosed connectionID=3
time="2026-03-20T22:48:25Z" level=info msg=ConnectionClosed connectionID=4
time="2026-03-20T22:48:25Z" level=info msg=NewConnection DisableClientMultiStatements=false connectionID=5
time="2026-03-20T22:48:25Z" level=info msg=ConnectionClosed connectionID=5
time="2026-03-20T22:48:25Z" level=info msg="Server closing listener. No longer accepting connections."
time="2026-03-20T22:48:25Z" level=info msg="stats stopped: context canceled"
Starting server with Config HP="127.0.0.1:53038"|T="28800000"|R="false"|L="info"
time="2026-03-20T22:49:04Z" level=info msg="Server ready. Accepting connections."
time="2026-03-20T22:49:04Z" level=warning msg="secure_file_priv is set to \"\", which is insecure."
time="2026-03-20T22:49:04Z" level=warning msg="Any user with GRANT FILE privileges will be able to read any file which the sql-server process can read."
time="2026-03-20T22:49:04Z" level=warning msg="Please consider restarting the server with secure_file_priv set to a safe (or non-existent) directory."
time="2026-03-20T22:49:04Z" level=info msg=NewConnection DisableClientMultiStatements=false connectionID=1
time="2026-03-20T22:49:04Z" level=info msg=NewConnection DisableClientMultiStatements=false connectionID=2
time="2026-03-20T22:49:04Z" level=info msg=ConnectionClosed connectionID=2
time="2026-03-20T22:49:04Z" level=info msg=ConnectionClosed connectionID=1
time="2026-03-20T22:49:04Z" level=info msg=NewConnection DisableClientMultiStatements=false connectionID=3
time="2026-03-20T22:49:04Z" level=info msg=NewConnection DisableClientMultiStatements=false connectionID=4
time="2026-03-20T22:49:04Z" level=info msg=ConnectionClosed connectionID=3
time="2026-03-20T22:49:04Z" level=warning msg="error running query" connectTime="2026-03-20 22:49:04.741223 +0000 GMT m=+0.203748876" connectionDb=human_hum connectionID=4 error="nothing to commit" queryTime="2026-03-20 22:49:04.757445 +0000 GMT m=+0.219971460"
time="2026-03-20T22:49:04Z" level=info msg=NewConnection DisableClientMultiStatements=false connectionID=5
time="2026-03-20T22:49:04Z" level=info msg=ConnectionClosed connectionID=5
time="2026-03-20T22:49:05Z" level=info msg=NewConnection DisableClientMultiStatements=false connectionID=6
time="2026-03-20T22:49:05Z" level=info msg=ConnectionClosed connectionID=6
time="2026-03-20T22:49:05Z" level=info msg=ConnectionClosed connectionID=4
time="2026-03-20T22:49:05Z" level=info msg=NewConnection DisableClientMultiStatements=false connectionID=7
time="2026-03-20T22:49:05Z" level=info msg=ConnectionClosed connectionID=7
time="2026-03-20T22:49:05Z" level=info msg="Server closing listener. No longer accepting connections."
time="2026-03-20T22:49:05Z" level=info msg="stats stopped: context canceled"
Starting server with Config HP="127.0.0.1:53066"|T="28800000"|R="false"|L="info"
time="2026-03-20T22:49:13Z" level=info msg="Server ready. Accepting connections."
time="2026-03-20T22:49:13Z" level=warning msg="secure_file_priv is set to \"\", which is insecure."
time="2026-03-20T22:49:13Z" level=warning msg="Any user with GRANT FILE privileges will be able to read any file which the sql-server process can read."
time="2026-03-20T22:49:13Z" level=warning msg="Please consider restarting the server with secure_file_priv set to a safe (or non-existent) directory."
time="2026-03-20T22:49:13Z" level=info msg=NewConnection DisableClientMultiStatements=false connectionID=1
time="2026-03-20T22:49:13Z" level=info msg=ConnectionClosed connectionID=1
time="2026-03-20T22:49:13Z" level=info msg=NewConnection DisableClientMultiStatements=false connectionID=2
time="2026-03-20T22:49:13Z" level=info msg=ConnectionClosed connectionID=2
time="2026-03-20T22:49:13Z" level=info msg=NewConnection DisableClientMultiStatements=false connectionID=3
time="2026-03-20T22:49:13Z" level=info msg=NewConnection DisableClientMultiStatements=false connectionID=4
time="2026-03-20T22:49:13Z" level=info msg=ConnectionClosed connectionID=3
time="2026-03-20T22:49:13Z" level=info msg=ConnectionClosed connectionID=4
time="2026-03-20T22:49:13Z" level=info msg=NewConnection DisableClientMultiStatements=false connectionID=5
time="2026-03-20T22:49:13Z" level=info msg="Server closing listener. No longer accepting connections."
time="2026-03-20T22:49:13Z" level=info msg=ConnectionClosed connectionID=5
time="2026-03-20T22:49:13Z" level=info msg="stats stopped: context canceled"
Starting server with Config HP="127.0.0.1:53212"|T="28800000"|R="false"|L="info"
time="2026-03-20T22:55:57Z" level=info msg="Server ready. Accepting connections."
time="2026-03-20T22:55:57Z" level=warning msg="secure_file_priv is set to \"\", which is insecure."
time="2026-03-20T22:55:57Z" level=warning msg="Any user with GRANT FILE privileges will be able to read any file which the sql-server process can read."
time="2026-03-20T22:55:57Z" level=warning msg="Please consider restarting the server with secure_file_priv set to a safe (or non-existent) directory."
time="2026-03-20T22:55:57Z" level=info msg=NewConnection DisableClientMultiStatements=false connectionID=1
time="2026-03-20T22:55:57Z" level=info msg=NewConnection DisableClientMultiStatements=false connectionID=2
time="2026-03-20T22:55:57Z" level=info msg=ConnectionClosed connectionID=2
time="2026-03-20T22:55:57Z" level=info msg=ConnectionClosed connectionID=1
time="2026-03-20T22:55:57Z" level=info msg=NewConnection DisableClientMultiStatements=false connectionID=3
time="2026-03-20T22:55:57Z" level=info msg=NewConnection DisableClientMultiStatements=false connectionID=4
time="2026-03-20T22:55:57Z" level=info msg=ConnectionClosed connectionID=3
time="2026-03-20T22:55:57Z" level=info msg=NewConnection DisableClientMultiStatements=false connectionID=5
time="2026-03-20T22:55:57Z" level=info msg=ConnectionClosed connectionID=5
time="2026-03-20T22:55:57Z" level=info msg=NewConnection DisableClientMultiStatements=false connectionID=6
time="2026-03-20T22:55:57Z" level=info msg=NewConnection DisableClientMultiStatements=false connectionID=7
time="2026-03-20T22:55:57Z" level=info msg=ConnectionClosed connectionID=6
time="2026-03-20T22:55:57Z" level=warning msg="error running query" connectTime="2026-03-20 22:55:57.676665 +0000 GMT m=+0.202172918" connectionDb=human_hum connectionID=4 error="nothing to commit" queryTime="2026-03-20 22:55:57.695334 +0000 GMT m=+0.220841626"
time="2026-03-20T22:55:57Z" level=warning msg="error running query" connectTime="2026-03-20 22:55:57.694125 +0000 GMT m=+0.219632918" connectionDb=human_hum connectionID=7 error="nothing to commit" queryTime="2026-03-20 22:55:57.701441 +0000 GMT m=+0.226949210"
time="2026-03-20T22:55:57Z" level=info msg=NewConnection DisableClientMultiStatements=false connectionID=8
time="2026-03-20T22:55:57Z" level=info msg=NewConnection DisableClientMultiStatements=false connectionID=9
time="2026-03-20T22:55:57Z" level=info msg=ConnectionClosed connectionID=8
time="2026-03-20T22:55:57Z" level=info msg=ConnectionClosed connectionID=9
time="2026-03-20T22:55:58Z" level=info msg=NewConnection DisableClientMultiStatements=false connectionID=11
time="2026-03-20T22:55:58Z" level=info msg=NewConnection DisableClientMultiStatements=false connectionID=10
time="2026-03-20T22:55:58Z" level=info msg=ConnectionClosed connectionID=11
time="2026-03-20T22:55:58Z" level=info msg=ConnectionClosed connectionID=10
time="2026-03-20T22:55:58Z" level=info msg=ConnectionClosed connectionID=4
time="2026-03-20T22:55:58Z" level=info msg=ConnectionClosed connectionID=7
time="2026-03-20T22:55:58Z" level=info msg=NewConnection DisableClientMultiStatements=false connectionID=13
time="2026-03-20T22:55:58Z" level=info msg=NewConnection DisableClientMultiStatements=false connectionID=12
time="2026-03-20T22:55:58Z" level=info msg="Server closing listener. No longer accepting connections."
time="2026-03-20T22:55:58Z" level=info msg=ConnectionClosed connectionID=12
time="2026-03-20T22:55:58Z" level=info msg="kill query: pid 65"
time="2026-03-20T22:55:58Z" level=info msg="stats stopped: context canceled"
time="2026-03-20T22:55:58Z" level=error msg="Conn 13: Flush() failed: set tcp 127.0.0.1:53212: use of closed network connection"
time="2026-03-20T22:55:58Z" level=info msg=ConnectionClosed connectionID=13
Starting server with Config HP="127.0.0.1:53304"|T="28800000"|R="false"|L="info"
time="2026-03-20T22:57:15Z" level=info msg="Server ready. Accepting connections."
time="2026-03-20T22:57:15Z" level=warning msg="secure_file_priv is set to \"\", which is insecure."
time="2026-03-20T22:57:15Z" level=warning msg="Any user with GRANT FILE privileges will be able to read any file which the sql-server process can read."
time="2026-03-20T22:57:15Z" level=warning msg="Please consider restarting the server with secure_file_priv set to a safe (or non-existent) directory."
time="2026-03-20T22:57:15Z" level=info msg=NewConnection DisableClientMultiStatements=false connectionID=1
time="2026-03-20T22:57:15Z" level=info msg=NewConnection DisableClientMultiStatements=false connectionID=2
time="2026-03-20T22:57:15Z" level=info msg=ConnectionClosed connectionID=1
time="2026-03-20T22:57:15Z" level=info msg=ConnectionClosed connectionID=2
time="2026-03-20T22:57:15Z" level=info msg=NewConnection DisableClientMultiStatements=false connectionID=3
time="2026-03-20T22:57:15Z" level=info msg=NewConnection DisableClientMultiStatements=false connectionID=4
time="2026-03-20T22:57:15Z" level=info msg=ConnectionClosed connectionID=3
time="2026-03-20T22:57:15Z" level=info msg=NewConnection DisableClientMultiStatements=false connectionID=5
time="2026-03-20T22:57:15Z" level=info msg=ConnectionClosed connectionID=5
time="2026-03-20T22:57:15Z" level=warning msg="error running query" connectTime="2026-03-20 22:57:15.813378 +0000 GMT m=+0.204468792" connectionDb=human_hum connectionID=4 error="nothing to commit" queryTime="2026-03-20 22:57:15.833895 +0000 GMT m=+0.224985209"
time="2026-03-20T22:57:15Z" level=info msg=NewConnection DisableClientMultiStatements=false connectionID=6
time="2026-03-20T22:57:15Z" level=info msg=NewConnection DisableClientMultiStatements=false connectionID=7
time="2026-03-20T22:57:15Z" level=info msg=ConnectionClosed connectionID=6
time="2026-03-20T22:57:15Z" level=warning msg="error running query" connectTime="2026-03-20 22:57:15.835253 +0000 GMT m=+0.226343334" connectionDb=human_hum connectionID=7 error="nothing to commit" queryTime="2026-03-20 22:57:15.846032 +0000 GMT m=+0.237121584"
time="2026-03-20T22:57:15Z" level=info msg=NewConnection DisableClientMultiStatements=false connectionID=8
time="2026-03-20T22:57:15Z" level=info msg=ConnectionClosed connectionID=8
time="2026-03-20T22:57:15Z" level=info msg=NewConnection DisableClientMultiStatements=false connectionID=9
time="2026-03-20T22:57:15Z" level=info msg=ConnectionClosed connectionID=9
time="2026-03-20T22:57:16Z" level=info msg=NewConnection DisableClientMultiStatements=false connectionID=10
time="2026-03-20T22:57:16Z" level=info msg=ConnectionClosed connectionID=10
time="2026-03-20T22:57:16Z" level=info msg=NewConnection DisableClientMultiStatements=false connectionID=11
time="2026-03-20T22:57:16Z" level=info msg=ConnectionClosed connectionID=11
time="2026-03-20T22:57:16Z" level=info msg=ConnectionClosed connectionID=4
time="2026-03-20T22:57:16Z" level=info msg=ConnectionClosed connectionID=7
time="2026-03-20T22:57:16Z" level=info msg=NewConnection DisableClientMultiStatements=false connectionID=12
time="2026-03-20T22:57:16Z" level=info msg=ConnectionClosed connectionID=12
time="2026-03-20T22:57:16Z" level=info msg="Server closing listener. No longer accepting connections."
time="2026-03-20T22:57:16Z" level=info msg="stats stopped: context canceled"
Starting server with Config HP="127.0.0.1:53403"|T="28800000"|R="false"|L="info"
time="2026-03-20T22:57:29Z" level=info msg="Server ready. Accepting connections."
time="2026-03-20T22:57:29Z" level=warning msg="secure_file_priv is set to \"\", which is insecure."
time="2026-03-20T22:57:29Z" level=warning msg="Any user with GRANT FILE privileges will be able to read any file which the sql-server process can read."
time="2026-03-20T22:57:29Z" level=warning msg="Please consider restarting the server with secure_file_priv set to a safe (or non-existent) directory."
time="2026-03-20T22:57:30Z" level=info msg=NewConnection DisableClientMultiStatements=false connectionID=1
time="2026-03-20T22:57:30Z" level=info msg=NewConnection DisableClientMultiStatements=false connectionID=2
time="2026-03-20T22:57:30Z" level=info msg=NewConnection DisableClientMultiStatements=false connectionID=3
time="2026-03-20T22:57:30Z" level=info msg=ConnectionClosed connectionID=2
time="2026-03-20T22:57:30Z" level=info msg=ConnectionClosed connectionID=1
time="2026-03-20T22:57:30Z" level=info msg=NewConnection DisableClientMultiStatements=false connectionID=4
time="2026-03-20T22:57:30Z" level=info msg=ConnectionClosed connectionID=3
time="2026-03-20T22:57:30Z" level=info msg=NewConnection DisableClientMultiStatements=false connectionID=5
time="2026-03-20T22:57:30Z" level=info msg=ConnectionClosed connectionID=5
time="2026-03-20T22:57:30Z" level=warning msg="error running query" connectTime="2026-03-20 22:57:30.03531 +0000 GMT m=+0.202724751" connectionDb=human_hum connectionID=4 error="nothing to commit" queryTime="2026-03-20 22:57:30.057445 +0000 GMT m=+0.224859876"
time="2026-03-20T22:57:30Z" level=info msg=NewConnection DisableClientMultiStatements=false connectionID=6
time="2026-03-20T22:57:30Z" level=info msg=NewConnection DisableClientMultiStatements=false connectionID=7
time="2026-03-20T22:57:30Z" level=info msg=ConnectionClosed connectionID=6
time="2026-03-20T22:57:30Z" level=warning msg="error running query" connectTime="2026-03-20 22:57:30.058588 +0000 GMT m=+0.226003001" connectionDb=human_hum connectionID=7 error="nothing to commit" queryTime="2026-03-20 22:57:30.067877 +0000 GMT m=+0.235291876"
time="2026-03-20T22:57:30Z" level=info msg=NewConnection DisableClientMultiStatements=false connectionID=8
time="2026-03-20T22:57:30Z" level=info msg=ConnectionClosed connectionID=8
time="2026-03-20T22:57:30Z" level=info msg=NewConnection DisableClientMultiStatements=false connectionID=9
time="2026-03-20T22:57:30Z" level=info msg=ConnectionClosed connectionID=9
time="2026-03-20T22:57:30Z" level=info msg=NewConnection DisableClientMultiStatements=false connectionID=10
time="2026-03-20T22:57:30Z" level=info msg=ConnectionClosed connectionID=10
time="2026-03-20T22:57:30Z" level=info msg=NewConnection DisableClientMultiStatements=false connectionID=11
time="2026-03-20T22:57:30Z" level=info msg=ConnectionClosed connectionID=11
time="2026-03-20T22:57:30Z" level=info msg=ConnectionClosed connectionID=7
time="2026-03-20T22:57:30Z" level=info msg=ConnectionClosed connectionID=4
time="2026-03-20T22:57:30Z" level=info msg=NewConnection DisableClientMultiStatements=false connectionID=12
time="2026-03-20T22:57:30Z" level=info msg=ConnectionClosed connectionID=12
time="2026-03-20T22:57:30Z" level=info msg="Server closing listener. No longer accepting connections."
time="2026-03-20T22:57:30Z" level=info msg="stats stopped: context canceled"
Starting server with Config HP="127.0.0.1:53479"|T="28800000"|R="false"|L="info"
time="2026-03-20T22:57:31Z" level=info msg="Server ready. Accepting connections."
time="2026-03-20T22:57:31Z" level=warning msg="secure_file_priv is set to \"\", which is insecure."
time="2026-03-20T22:57:31Z" level=warning msg="Any user with GRANT FILE privileges will be able to read any file which the sql-server process can read."
time="2026-03-20T22:57:31Z" level=warning msg="Please consider restarting the server with secure_file_priv set to a safe (or non-existent) directory."
time="2026-03-20T22:57:31Z" level=info msg=NewConnection DisableClientMultiStatements=false connectionID=1
time="2026-03-20T22:57:31Z" level=info msg=ConnectionClosed connectionID=1
time="2026-03-20T22:57:31Z" level=info msg=NewConnection DisableClientMultiStatements=false connectionID=2
time="2026-03-20T22:57:31Z" level=info msg=ConnectionClosed connectionID=2
time="2026-03-20T22:57:31Z" level=info msg=NewConnection DisableClientMultiStatements=false connectionID=3
time="2026-03-20T22:57:31Z" level=info msg=NewConnection DisableClientMultiStatements=false connectionID=4
time="2026-03-20T22:57:31Z" level=info msg=ConnectionClosed connectionID=3
time="2026-03-20T22:57:31Z" level=warning msg="error running query" connectTime="2026-03-20 22:57:31.189099 +0000 GMT m=+0.199378001" connectionDb=human_hum connectionID=4 error="nothing to commit" queryTime="2026-03-20 22:57:31.196455 +0000 GMT m=+0.206734626"
time="2026-03-20T22:57:31Z" level=info msg=NewConnection DisableClientMultiStatements=false connectionID=5
time="2026-03-20T22:57:31Z" level=info msg=ConnectionClosed connectionID=5
time="2026-03-20T22:57:31Z" level=info msg=NewConnection DisableClientMultiStatements=false connectionID=6
time="2026-03-20T22:57:31Z" level=info msg=NewConnection DisableClientMultiStatements=false connectionID=7
time="2026-03-20T22:57:31Z" level=info msg=ConnectionClosed connectionID=6
time="2026-03-20T22:57:31Z" level=warning msg="error running query" connectTime="2026-03-20 22:57:31.210077 +0000 GMT m=+0.220356501" connectionDb=human_hum connectionID=7 error="nothing to commit" queryTime="2026-03-20 22:57:31.217857 +0000 GMT m=+0.228136501"
time="2026-03-20T22:57:31Z" level=info msg=NewConnection DisableClientMultiStatements=false connectionID=8
time="2026-03-20T22:57:31Z" level=info msg=ConnectionClosed connectionID=8
time="2026-03-20T22:57:31Z" level=info msg=NewConnection DisableClientMultiStatements=false connectionID=9
time="2026-03-20T22:57:31Z" level=info msg=ConnectionClosed connectionID=9
time="2026-03-20T22:57:31Z" level=info msg=NewConnection DisableClientMultiStatements=false connectionID=10
time="2026-03-20T22:57:31Z" level=info msg=ConnectionClosed connectionID=10
time="2026-03-20T22:57:31Z" level=info msg=NewConnection DisableClientMultiStatements=false connectionID=11
time="2026-03-20T22:57:31Z" level=info msg=ConnectionClosed connectionID=11
time="2026-03-20T22:57:31Z" level=info msg=ConnectionClosed connectionID=4
time="2026-03-20T22:57:31Z" level=info msg=NewConnection DisableClientMultiStatements=false connectionID=12
time="2026-03-20T22:57:31Z" level=info msg=ConnectionClosed connectionID=12
time="2026-03-20T22:57:31Z" level=info msg="Server closing listener. No longer accepting connections."
time="2026-03-20T22:57:31Z" level=error msg="Error reading packet from client 7 (127.0.0.1:53497): read tcp 127.0.0.1:53479->127.0.0.1:53497: use of closed network connection\nio.ReadFull(header size) failed"
time="2026-03-20T22:57:31Z" level=info msg=ConnectionClosed connectionID=7
time="2026-03-20T22:57:31Z" level=info msg="stats stopped: context canceled"
Starting server with Config HP="127.0.0.1:53825"|T="28800000"|R="false"|L="info"
time="2026-03-20T23:02:43Z" level=info msg="Server ready. Accepting connections."
time="2026-03-20T23:02:43Z" level=warning msg="secure_file_priv is set to \"\", which is insecure."
time="2026-03-20T23:02:43Z" level=warning msg="Any user with GRANT FILE privileges will be able to read any file which the sql-server process can read."
time="2026-03-20T23:02:43Z" level=warning msg="Please consider restarting the server with secure_file_priv set to a safe (or non-existent) directory."
time="2026-03-20T23:02:43Z" level=info msg=NewConnection DisableClientMultiStatements=false connectionID=2
time="2026-03-20T23:02:43Z" level=info msg=NewConnection DisableClientMultiStatements=false connectionID=1
time="2026-03-20T23:02:43Z" level=info msg=NewConnection DisableClientMultiStatements=false connectionID=3
time="2026-03-20T23:02:43Z" level=info msg=ConnectionClosed connectionID=1
time="2026-03-20T23:02:43Z" level=info msg=ConnectionClosed connectionID=2
time="2026-03-20T23:02:43Z" level=info msg=NewConnection DisableClientMultiStatements=false connectionID=4
time="2026-03-20T23:02:43Z" level=info msg=ConnectionClosed connectionID=3
time="2026-03-20T23:02:43Z" level=info msg=NewConnection DisableClientMultiStatements=false connectionID=5
time="2026-03-20T23:02:43Z" level=info msg=ConnectionClosed connectionID=5
time="2026-03-20T23:02:43Z" level=warning msg="error running query" connectTime="2026-03-20 23:02:43.941184 +0000 GMT m=+0.703496918" connectionDb=human_hum connectionID=4 error="nothing to commit" queryTime="2026-03-20 23:02:43.971588 +0000 GMT m=+0.733900960"
time="2026-03-20T23:02:43Z" level=info msg=NewConnection DisableClientMultiStatements=false connectionID=6
time="2026-03-20T23:02:43Z" level=info msg=NewConnection DisableClientMultiStatements=false connectionID=7
time="2026-03-20T23:02:43Z" level=info msg=ConnectionClosed connectionID=6
time="2026-03-20T23:02:43Z" level=warning msg="error running query" connectTime="2026-03-20 23:02:43.973089 +0000 GMT m=+0.735401710" connectionDb=human_hum connectionID=7 error="nothing to commit" queryTime="2026-03-20 23:02:43.984712 +0000 GMT m=+0.747024585"
time="2026-03-20T23:02:43Z" level=info msg=NewConnection DisableClientMultiStatements=false connectionID=8
time="2026-03-20T23:02:43Z" level=info msg=ConnectionClosed connectionID=8
time="2026-03-20T23:02:43Z" level=info msg=NewConnection DisableClientMultiStatements=false connectionID=9
time="2026-03-20T23:02:43Z" level=info msg=NewConnection DisableClientMultiStatements=false connectionID=10
time="2026-03-20T23:02:44Z" level=info msg=ConnectionClosed connectionID=9
time="2026-03-20T23:02:44Z" level=warning msg="error running query" connectTime="2026-03-20 23:02:44.000568 +0000 GMT m=+0.762881043" connectionDb=human_hum connectionID=10 error="nothing to commit" queryTime="2026-03-20 23:02:44.023631 +0000 GMT m=+0.785944251"
time="2026-03-20T23:02:44Z" level=info msg=NewConnection DisableClientMultiStatements=false connectionID=11
time="2026-03-20T23:02:44Z" level=info msg=ConnectionClosed connectionID=11
time="2026-03-20T23:02:44Z" level=info msg=NewConnection DisableClientMultiStatements=false connectionID=12
time="2026-03-20T23:02:44Z" level=info msg=NewConnection DisableClientMultiStatements=false connectionID=13
time="2026-03-20T23:02:44Z" level=info msg=ConnectionClosed connectionID=12
time="2026-03-20T23:02:44Z" level=warning msg="error running query" connectTime="2026-03-20 23:02:44.060429 +0000 GMT m=+0.822741918" connectionDb=human_hum connectionID=13 error="nothing to commit" queryTime="2026-03-20 23:02:44.075949 +0000 GMT m=+0.838262210"
time="2026-03-20T23:02:44Z" level=info msg=NewConnection DisableClientMultiStatements=false connectionID=14
time="2026-03-20T23:02:44Z" level=info msg=ConnectionClosed connectionID=14
time="2026-03-20T23:02:44Z" level=info msg=NewConnection DisableClientMultiStatements=false connectionID=15
time="2026-03-20T23:02:44Z" level=info msg=NewConnection DisableClientMultiStatements=false connectionID=16
time="2026-03-20T23:02:44Z" level=info msg=ConnectionClosed connectionID=15
time="2026-03-20T23:02:44Z" level=warning msg="error running query" connectTime="2026-03-20 23:02:44.100002 +0000 GMT m=+0.862315293" connectionDb=human_hum connectionID=16 error="nothing to commit" queryTime="2026-03-20 23:02:44.112817 +0000 GMT m=+0.875130626"
time="2026-03-20T23:02:44Z" level=info msg=NewConnection DisableClientMultiStatements=false connectionID=17
time="2026-03-20T23:02:44Z" level=info msg=ConnectionClosed connectionID=17
time="2026-03-20T23:02:44Z" level=info msg=NewConnection DisableClientMultiStatements=false connectionID=18
time="2026-03-20T23:02:44Z" level=info msg=NewConnection DisableClientMultiStatements=false connectionID=19
time="2026-03-20T23:02:44Z" level=info msg=ConnectionClosed connectionID=18
time="2026-03-20T23:02:44Z" level=warning msg="error running query" connectTime="2026-03-20 23:02:44.143205 +0000 GMT m=+0.905517835" connectionDb=human_hum connectionID=19 error="nothing to commit" queryTime="2026-03-20 23:02:44.157051 +0000 GMT m=+0.919364001"
time="2026-03-20T23:02:44Z" level=info msg=NewConnection DisableClientMultiStatements=false connectionID=20
time="2026-03-20T23:02:44Z" level=info msg=ConnectionClosed connectionID=20
time="2026-03-20T23:02:44Z" level=info msg=NewConnection DisableClientMultiStatements=false connectionID=21
time="2026-03-20T23:02:44Z" level=info msg=ConnectionClosed connectionID=21
time="2026-03-20T23:02:44Z" level=info msg=NewConnection DisableClientMultiStatements=false connectionID=22
time="2026-03-20T23:02:44Z" level=info msg=ConnectionClosed connectionID=22
time="2026-03-20T23:02:44Z" level=info msg=NewConnection DisableClientMultiStatements=false connectionID=23
time="2026-03-20T23:02:44Z" level=info msg=ConnectionClosed connectionID=23
time="2026-03-20T23:02:44Z" level=info msg=NewConnection DisableClientMultiStatements=false connectionID=24
time="2026-03-20T23:02:44Z" level=info msg=ConnectionClosed connectionID=24
time="2026-03-20T23:02:44Z" level=info msg=NewConnection DisableClientMultiStatements=false connectionID=25
time="2026-03-20T23:02:44Z" level=info msg=ConnectionClosed connectionID=25
time="2026-03-20T23:02:44Z" level=info msg=NewConnection DisableClientMultiStatements=false connectionID=26
time="2026-03-20T23:02:44Z" level=info msg=ConnectionClosed connectionID=26
time="2026-03-20T23:02:44Z" level=info msg=NewConnection DisableClientMultiStatements=false connectionID=27
time="2026-03-20T23:02:44Z" level=info msg=ConnectionClosed connectionID=27
time="2026-03-20T23:02:44Z" level=info msg=NewConnection DisableClientMultiStatements=false connectionID=28
time="2026-03-20T23:02:44Z" level=info msg=ConnectionClosed connectionID=28
time="2026-03-20T23:02:44Z" level=info msg=ConnectionClosed connectionID=7
time="2026-03-20T23:02:44Z" level=info msg=ConnectionClosed connectionID=4
time="2026-03-20T23:02:44Z" level=info msg=NewConnection DisableClientMultiStatements=false connectionID=29
time="2026-03-20T23:02:44Z" level=info msg=ConnectionClosed connectionID=29
time="2026-03-20T23:02:44Z" level=info msg=ConnectionClosed connectionID=10
time="2026-03-20T23:02:44Z" level=info msg=NewConnection DisableClientMultiStatements=false connectionID=30
time="2026-03-20T23:02:44Z" level=info msg=ConnectionClosed connectionID=30
time="2026-03-20T23:02:44Z" level=info msg="Server closing listener. No longer accepting connections."
time="2026-03-20T23:02:44Z" level=error msg="Error reading packet from client 13 (127.0.0.1:53853): read tcp 127.0.0.1:53825->127.0.0.1:53853: use of closed network connection\nio.ReadFull(header size) failed"
time="2026-03-20T23:02:44Z" level=info msg=ConnectionClosed connectionID=13
time="2026-03-20T23:02:44Z" level=error msg="Error reading packet from client 16 (127.0.0.1:53856): read tcp 127.0.0.1:53825->127.0.0.1:53856: use of closed network connection\nio.ReadFull(header size) failed"
time="2026-03-20T23:02:44Z" level=info msg=ConnectionClosed connectionID=16
time="2026-03-20T23:02:44Z" level=error msg="Error reading packet from client 19 (127.0.0.1:53859): read tcp 127.0.0.1:53825->127.0.0.1:53859: use of closed network connection\nio.ReadFull(header size) failed"
time="2026-03-20T23:02:44Z" level=info msg=ConnectionClosed connectionID=19
time="2026-03-20T23:02:44Z" level=info msg="stats stopped: context canceled"
Starting server with Config HP="127.0.0.1:53954"|T="28800000"|R="false"|L="info"
time="2026-03-20T23:02:45Z" level=info msg="Server ready. Accepting connections."
time="2026-03-20T23:02:45Z" level=warning msg="secure_file_priv is set to \"\", which is insecure."
time="2026-03-20T23:02:45Z" level=warning msg="Any user with GRANT FILE privileges will be able to read any file which the sql-server process can read."
time="2026-03-20T23:02:45Z" level=warning msg="Please consider restarting the server with secure_file_priv set to a safe (or non-existent) directory."
time="2026-03-20T23:02:45Z" level=info msg=NewConnection DisableClientMultiStatements=false connectionID=1
time="2026-03-20T23:02:45Z" level=info msg=ConnectionClosed connectionID=1
time="2026-03-20T23:02:45Z" level=info msg=NewConnection DisableClientMultiStatements=false connectionID=2
time="2026-03-20T23:02:45Z" level=info msg=ConnectionClosed connectionID=2
time="2026-03-20T23:02:45Z" level=info msg=NewConnection DisableClientMultiStatements=false connectionID=3
time="2026-03-20T23:02:45Z" level=info msg=NewConnection DisableClientMultiStatements=false connectionID=4
time="2026-03-20T23:02:45Z" level=info msg=ConnectionClosed connectionID=3
time="2026-03-20T23:02:45Z" level=warning msg="error running query" connectTime="2026-03-20 23:02:45.450419 +0000 GMT m=+0.200146251" connectionDb=human_hum connectionID=4 error="nothing to commit" queryTime="2026-03-20 23:02:45.462417 +0000 GMT m=+0.212144501"
time="2026-03-20T23:02:45Z" level=info msg=NewConnection DisableClientMultiStatements=false connectionID=5
time="2026-03-20T23:02:45Z" level=info msg=ConnectionClosed connectionID=5
time="2026-03-20T23:02:45Z" level=info msg=NewConnection DisableClientMultiStatements=false connectionID=6
time="2026-03-20T23:02:45Z" level=info msg=NewConnection DisableClientMultiStatements=false connectionID=7
time="2026-03-20T23:02:45Z" level=info msg=ConnectionClosed connectionID=6
time="2026-03-20T23:02:45Z" level=warning msg="error running query" connectTime="2026-03-20 23:02:45.488588 +0000 GMT m=+0.238315168" connectionDb=human_hum connectionID=7 error="nothing to commit" queryTime="2026-03-20 23:02:45.49554 +0000 GMT m=+0.245267501"
time="2026-03-20T23:02:45Z" level=info msg=NewConnection DisableClientMultiStatements=false connectionID=8
time="2026-03-20T23:02:45Z" level=info msg=ConnectionClosed connectionID=8
time="2026-03-20T23:02:45Z" level=info msg=ConnectionClosed connectionID=4
time="2026-03-20T23:02:45Z" level=info msg=NewConnection DisableClientMultiStatements=false connectionID=9
time="2026-03-20T23:02:45Z" level=info msg=ConnectionClosed connectionID=9
time="2026-03-20T23:02:45Z" level=info msg=NewConnection DisableClientMultiStatements=false connectionID=10
time="2026-03-20T23:02:45Z" level=info msg=ConnectionClosed connectionID=10
time="2026-03-20T23:02:45Z" level=info msg="Server closing listener. No longer accepting connections."
time="2026-03-20T23:02:45Z" level=error msg="Error reading packet from client 7 (127.0.0.1:53982): read tcp 127.0.0.1:53954->127.0.0.1:53982: use of closed network connection\nio.ReadFull(header size) failed"
time="2026-03-20T23:02:45Z" level=info msg="stats stopped: context canceled"
time="2026-03-20T23:02:45Z" level=info msg=ConnectionClosed connectionID=7
Starting server with Config HP="127.0.0.1:54121"|T="28800000"|R="false"|L="info"
time="2026-03-20T23:02:59Z" level=info msg="Server ready. Accepting connections."
time="2026-03-20T23:02:59Z" level=warning msg="secure_file_priv is set to \"\", which is insecure."
time="2026-03-20T23:02:59Z" level=warning msg="Any user with GRANT FILE privileges will be able to read any file which the sql-server process can read."
time="2026-03-20T23:02:59Z" level=warning msg="Please consider restarting the server with secure_file_priv set to a safe (or non-existent) directory."
time="2026-03-20T23:02:59Z" level=info msg=NewConnection DisableClientMultiStatements=false connectionID=2
time="2026-03-20T23:02:59Z" level=info msg=NewConnection DisableClientMultiStatements=false connectionID=1
time="2026-03-20T23:02:59Z" level=info msg=NewConnection DisableClientMultiStatements=false connectionID=3
time="2026-03-20T23:02:59Z" level=info msg=ConnectionClosed connectionID=2
time="2026-03-20T23:02:59Z" level=info msg=ConnectionClosed connectionID=1
time="2026-03-20T23:02:59Z" level=info msg=NewConnection DisableClientMultiStatements=false connectionID=4
time="2026-03-20T23:02:59Z" level=info msg=ConnectionClosed connectionID=3
time="2026-03-20T23:02:59Z" level=info msg=NewConnection DisableClientMultiStatements=false connectionID=5
time="2026-03-20T23:02:59Z" level=info msg=ConnectionClosed connectionID=5
time="2026-03-20T23:02:59Z" level=warning msg="error running query" connectTime="2026-03-20 23:02:59.610944 +0000 GMT m=+0.202556001" connectionDb=human_hum connectionID=4 error="nothing to commit" queryTime="2026-03-20 23:02:59.629294 +0000 GMT m=+0.220905793"
time="2026-03-20T23:02:59Z" level=info msg=NewConnection DisableClientMultiStatements=false connectionID=6
time="2026-03-20T23:02:59Z" level=info msg=NewConnection DisableClientMultiStatements=false connectionID=7
time="2026-03-20T23:02:59Z" level=info msg=ConnectionClosed connectionID=6
time="2026-03-20T23:02:59Z" level=warning msg="error running query" connectTime="2026-03-20 23:02:59.631589 +0000 GMT m=+0.223200918" connectionDb=human_hum connectionID=7 error="nothing to commit" queryTime="2026-03-20 23:02:59.644192 +0000 GMT m=+0.235804251"
time="2026-03-20T23:02:59Z" level=info msg=NewConnection DisableClientMultiStatements=false connectionID=8
time="2026-03-20T23:02:59Z" level=info msg=ConnectionClosed connectionID=8
time="2026-03-20T23:02:59Z" level=info msg=NewConnection DisableClientMultiStatements=false connectionID=9
time="2026-03-20T23:02:59Z" level=info msg=NewConnection DisableClientMultiStatements=false connectionID=10
time="2026-03-20T23:02:59Z" level=info msg=ConnectionClosed connectionID=9
time="2026-03-20T23:02:59Z" level=warning msg="error running query" connectTime="2026-03-20 23:02:59.69392 +0000 GMT m=+0.285532126" connectionDb=human_hum connectionID=10 error="nothing to commit" queryTime="2026-03-20 23:02:59.703991 +0000 GMT m=+0.295603543"
time="2026-03-20T23:02:59Z" level=info msg=NewConnection DisableClientMultiStatements=false connectionID=11
time="2026-03-20T23:02:59Z" level=info msg=ConnectionClosed connectionID=11
time="2026-03-20T23:02:59Z" level=info msg=NewConnection DisableClientMultiStatements=false connectionID=12
time="2026-03-20T23:02:59Z" level=info msg=NewConnection DisableClientMultiStatements=false connectionID=13
time="2026-03-20T23:02:59Z" level=info msg=ConnectionClosed connectionID=12
time="2026-03-20T23:02:59Z" level=warning msg="error running query" connectTime="2026-03-20 23:02:59.754462 +0000 GMT m=+0.346074501" connectionDb=human_hum connectionID=13 error="nothing to commit" queryTime="2026-03-20 23:02:59.762589 +0000 GMT m=+0.354201168"
time="2026-03-20T23:02:59Z" level=info msg=NewConnection DisableClientMultiStatements=false connectionID=14
time="2026-03-20T23:02:59Z" level=info msg=NewConnection DisableClientMultiStatements=false connectionID=15
time="2026-03-20T23:02:59Z" level=info msg=ConnectionClosed connectionID=14
time="2026-03-20T23:02:59Z" level=info msg=ConnectionClosed connectionID=15
time="2026-03-20T23:02:59Z" level=info msg=NewConnection DisableClientMultiStatements=false connectionID=16
time="2026-03-20T23:02:59Z" level=info msg=ConnectionClosed connectionID=16
time="2026-03-20T23:02:59Z" level=info msg=NewConnection DisableClientMultiStatements=false connectionID=17
time="2026-03-20T23:02:59Z" level=info msg=ConnectionClosed connectionID=17
time="2026-03-20T23:03:00Z" level=info msg=NewConnection DisableClientMultiStatements=false connectionID=19
time="2026-03-20T23:03:00Z" level=info msg=NewConnection DisableClientMultiStatements=false connectionID=18
time="2026-03-20T23:03:00Z" level=info msg=ConnectionClosed connectionID=19
time="2026-03-20T23:03:00Z" level=info msg=ConnectionClosed connectionID=18
time="2026-03-20T23:03:00Z" level=info msg=NewConnection DisableClientMultiStatements=false connectionID=20
time="2026-03-20T23:03:00Z" level=info msg=ConnectionClosed connectionID=20
time="2026-03-20T23:03:00Z" level=info msg=NewConnection DisableClientMultiStatements=false connectionID=21
time="2026-03-20T23:03:00Z" level=info msg=ConnectionClosed connectionID=21
time="2026-03-20T23:03:00Z" level=info msg=ConnectionClosed connectionID=7
time="2026-03-20T23:03:00Z" level=info msg=ConnectionClosed connectionID=4
time="2026-03-20T23:03:00Z" level=info msg=ConnectionClosed connectionID=10
time="2026-03-20T23:03:00Z" level=info msg=ConnectionClosed connectionID=13
time="2026-03-20T23:03:00Z" level=info msg=NewConnection DisableClientMultiStatements=false connectionID=22
time="2026-03-20T23:03:00Z" level=info msg=NewConnection DisableClientMultiStatements=false connectionID=24
time="2026-03-20T23:03:00Z" level=info msg=NewConnection DisableClientMultiStatements=false connectionID=23
time="2026-03-20T23:03:00Z" level=info msg=ConnectionClosed connectionID=24
time="2026-03-20T23:03:00Z" level=info msg=ConnectionClosed connectionID=22
time="2026-03-20T23:03:00Z" level=info msg="Server closing listener. No longer accepting connections."
time="2026-03-20T23:03:00Z" level=error msg="Error reading packet from client 23 (127.0.0.1:54206): read tcp 127.0.0.1:54121->127.0.0.1:54206: use of closed network connection\nio.ReadFull(header size) failed"
time="2026-03-20T23:03:00Z" level=info msg=ConnectionClosed connectionID=23
time="2026-03-20T23:03:00Z" level=info msg="stats stopped: context canceled"
Starting server with Config HP="127.0.0.1:54400"|T="28800000"|R="false"|L="info"
time="2026-03-20T23:04:41Z" level=info msg="Server ready. Accepting connections."
time="2026-03-20T23:04:41Z" level=warning msg="secure_file_priv is set to \"\", which is insecure."
time="2026-03-20T23:04:41Z" level=warning msg="Any user with GRANT FILE privileges will be able to read any file which the sql-server process can read."
time="2026-03-20T23:04:41Z" level=warning msg="Please consider restarting the server with secure_file_priv set to a safe (or non-existent) directory."
time="2026-03-20T23:04:41Z" level=info msg=NewConnection DisableClientMultiStatements=false connectionID=2
time="2026-03-20T23:04:41Z" level=info msg=NewConnection DisableClientMultiStatements=false connectionID=1
time="2026-03-20T23:04:41Z" level=info msg=ConnectionClosed connectionID=1
time="2026-03-20T23:04:41Z" level=info msg=ConnectionClosed connectionID=2
time="2026-03-20T23:04:41Z" level=info msg=NewConnection DisableClientMultiStatements=false connectionID=3
time="2026-03-20T23:04:41Z" level=info msg=NewConnection DisableClientMultiStatements=false connectionID=4
time="2026-03-20T23:04:41Z" level=info msg=ConnectionClosed connectionID=3
time="2026-03-20T23:04:41Z" level=info msg=NewConnection DisableClientMultiStatements=false connectionID=5
time="2026-03-20T23:04:41Z" level=info msg=ConnectionClosed connectionID=5
time="2026-03-20T23:04:41Z" level=info msg=NewConnection DisableClientMultiStatements=false connectionID=6
time="2026-03-20T23:04:41Z" level=info msg=NewConnection DisableClientMultiStatements=false connectionID=7
time="2026-03-20T23:04:41Z" level=info msg=ConnectionClosed connectionID=6
time="2026-03-20T23:04:41Z" level=warning msg="error running query" connectTime="2026-03-20 23:04:41.611422 +0000 GMT m=+0.203587834" connectionDb=human_hum connectionID=4 error="nothing to commit" queryTime="2026-03-20 23:04:41.630792 +0000 GMT m=+0.222957501"
time="2026-03-20T23:04:41Z" level=warning msg="error running query" connectTime="2026-03-20 23:04:41.629538 +0000 GMT m=+0.221703959" connectionDb=human_hum connectionID=7 error="nothing to commit" queryTime="2026-03-20 23:04:41.637425 +0000 GMT m=+0.229590459"
time="2026-03-20T23:04:41Z" level=info msg=NewConnection DisableClientMultiStatements=false connectionID=8
time="2026-03-20T23:04:41Z" level=info msg=ConnectionClosed connectionID=8
time="2026-03-20T23:04:41Z" level=info msg=NewConnection DisableClientMultiStatements=false connectionID=9
time="2026-03-20T23:04:41Z" level=info msg=ConnectionClosed connectionID=9
time="2026-03-20T23:04:41Z" level=info msg=NewConnection DisableClientMultiStatements=false connectionID=11
time="2026-03-20T23:04:41Z" level=info msg=NewConnection DisableClientMultiStatements=false connectionID=10
time="2026-03-20T23:04:41Z" level=info msg=ConnectionClosed connectionID=11
time="2026-03-20T23:04:41Z" level=info msg=ConnectionClosed connectionID=10
time="2026-03-20T23:04:41Z" level=info msg=ConnectionClosed connectionID=7
time="2026-03-20T23:04:41Z" level=info msg=ConnectionClosed connectionID=4
time="2026-03-20T23:04:42Z" level=info msg=NewConnection DisableClientMultiStatements=false connectionID=12
time="2026-03-20T23:04:42Z" level=info msg=NewConnection DisableClientMultiStatements=false connectionID=13
time="2026-03-20T23:04:42Z" level=info msg=ConnectionClosed connectionID=12
time="2026-03-20T23:04:42Z" level=info msg="Server closing listener. No longer accepting connections."
time="2026-03-20T23:04:42Z" level=info msg="kill query: pid 66"
time="2026-03-20T23:04:42Z" level=info msg="stats stopped: context canceled"
time="2026-03-20T23:04:42Z" level=error msg="Conn 13: Flush() failed: set tcp 127.0.0.1:54400: use of closed network connection"
time="2026-03-20T23:04:42Z" level=info msg=ConnectionClosed connectionID=13
Starting server with Config HP="127.0.0.1:54493"|T="28800000"|R="false"|L="info"
time="2026-03-20T23:05:27Z" level=info msg="Server ready. Accepting connections."
time="2026-03-20T23:05:27Z" level=warning msg="secure_file_priv is set to \"\", which is insecure."
time="2026-03-20T23:05:27Z" level=warning msg="Any user with GRANT FILE privileges will be able to read any file which the sql-server process can read."
time="2026-03-20T23:05:27Z" level=warning msg="Please consider restarting the server with secure_file_priv set to a safe (or non-existent) directory."
time="2026-03-20T23:05:27Z" level=info msg=NewConnection DisableClientMultiStatements=false connectionID=2
time="2026-03-20T23:05:27Z" level=info msg=NewConnection DisableClientMultiStatements=false connectionID=1
time="2026-03-20T23:05:27Z" level=info msg=ConnectionClosed connectionID=1
time="2026-03-20T23:05:27Z" level=info msg=ConnectionClosed connectionID=2
time="2026-03-20T23:05:27Z" level=info msg=NewConnection DisableClientMultiStatements=false connectionID=3
time="2026-03-20T23:05:27Z" level=info msg=NewConnection DisableClientMultiStatements=false connectionID=4
time="2026-03-20T23:05:27Z" level=info msg=ConnectionClosed connectionID=3
time="2026-03-20T23:05:27Z" level=info msg=NewConnection DisableClientMultiStatements=false connectionID=5
time="2026-03-20T23:05:27Z" level=info msg=ConnectionClosed connectionID=5
time="2026-03-20T23:05:27Z" level=info msg=NewConnection DisableClientMultiStatements=false connectionID=6
time="2026-03-20T23:05:27Z" level=info msg=NewConnection DisableClientMultiStatements=false connectionID=7
time="2026-03-20T23:05:27Z" level=info msg=ConnectionClosed connectionID=6
time="2026-03-20T23:05:27Z" level=warning msg="error running query" connectTime="2026-03-20 23:05:27.426147 +0000 GMT m=+0.202347542" connectionDb=human_hum connectionID=4 error="nothing to commit" queryTime="2026-03-20 23:05:27.444889 +0000 GMT m=+0.221089251"
time="2026-03-20T23:05:27Z" level=warning msg="error running query" connectTime="2026-03-20 23:05:27.444584 +0000 GMT m=+0.220784251" connectionDb=human_hum connectionID=7 error="nothing to commit" queryTime="2026-03-20 23:05:27.451538 +0000 GMT m=+0.227738417"
time="2026-03-20T23:05:27Z" level=info msg=NewConnection DisableClientMultiStatements=false connectionID=9
time="2026-03-20T23:05:27Z" level=info msg=NewConnection DisableClientMultiStatements=false connectionID=8
time="2026-03-20T23:05:27Z" level=info msg=ConnectionClosed connectionID=8
time="2026-03-20T23:05:27Z" level=info msg=ConnectionClosed connectionID=9
time="2026-03-20T23:05:27Z" level=info msg=NewConnection DisableClientMultiStatements=false connectionID=10
time="2026-03-20T23:05:27Z" level=info msg=NewConnection DisableClientMultiStatements=false connectionID=11
time="2026-03-20T23:05:27Z" level=info msg=ConnectionClosed connectionID=11
time="2026-03-20T23:05:27Z" level=info msg=ConnectionClosed connectionID=10
time="2026-03-20T23:05:27Z" level=info msg=ConnectionClosed connectionID=7
time="2026-03-20T23:05:27Z" level=info msg=ConnectionClosed connectionID=4
time="2026-03-20T23:05:27Z" level=info msg=NewConnection DisableClientMultiStatements=false connectionID=12
time="2026-03-20T23:05:27Z" level=info msg=NewConnection DisableClientMultiStatements=false connectionID=13
time="2026-03-20T23:05:27Z" level=info msg="Server closing listener. No longer accepting connections."
time="2026-03-20T23:05:27Z" level=info msg=ConnectionClosed connectionID=13
time="2026-03-20T23:05:27Z" level=info msg="kill query: pid 67"
time="2026-03-20T23:05:27Z" level=info msg="stats stopped: context canceled"
time="2026-03-20T23:05:27Z" level=error msg="Conn 12: Flush() failed: set tcp 127.0.0.1:54493: use of closed network connection"
time="2026-03-20T23:05:27Z" level=info msg=ConnectionClosed connectionID=12
Starting server with Config HP="127.0.0.1:54582"|T="28800000"|R="false"|L="info"
time="2026-03-20T23:05:44Z" level=info msg="Server ready. Accepting connections."
time="2026-03-20T23:05:44Z" level=warning msg="secure_file_priv is set to \"\", which is insecure."
time="2026-03-20T23:05:44Z" level=warning msg="Any user with GRANT FILE privileges will be able to read any file which the sql-server process can read."
time="2026-03-20T23:05:44Z" level=warning msg="Please consider restarting the server with secure_file_priv set to a safe (or non-existent) directory."
time="2026-03-20T23:05:44Z" level=info msg=NewConnection DisableClientMultiStatements=false connectionID=2
time="2026-03-20T23:05:44Z" level=info msg=NewConnection DisableClientMultiStatements=false connectionID=1
time="2026-03-20T23:05:44Z" level=info msg=ConnectionClosed connectionID=1
time="2026-03-20T23:05:44Z" level=info msg=ConnectionClosed connectionID=2
time="2026-03-20T23:05:44Z" level=info msg=NewConnection DisableClientMultiStatements=false connectionID=3
time="2026-03-20T23:05:44Z" level=info msg=NewConnection DisableClientMultiStatements=false connectionID=4
time="2026-03-20T23:05:44Z" level=info msg=ConnectionClosed connectionID=3
time="2026-03-20T23:05:44Z" level=info msg=NewConnection DisableClientMultiStatements=false connectionID=5
time="2026-03-20T23:05:44Z" level=info msg=ConnectionClosed connectionID=5
time="2026-03-20T23:05:44Z" level=warning msg="error running query" connectTime="2026-03-20 23:05:44.682124 +0000 GMT m=+0.201482334" connectionDb=human_hum connectionID=4 error="nothing to commit" queryTime="2026-03-20 23:05:44.698898 +0000 GMT m=+0.218256168"
time="2026-03-20T23:05:44Z" level=info msg=NewConnection DisableClientMultiStatements=false connectionID=6
time="2026-03-20T23:05:44Z" level=info msg=NewConnection DisableClientMultiStatements=false connectionID=7
time="2026-03-20T23:05:44Z" level=info msg=ConnectionClosed connectionID=6
time="2026-03-20T23:05:44Z" level=warning msg="error running query" connectTime="2026-03-20 23:05:44.699673 +0000 GMT m=+0.219031251" connectionDb=human_hum connectionID=7 error="nothing to commit" queryTime="2026-03-20 23:05:44.706124 +0000 GMT m=+0.225482043"
time="2026-03-20T23:05:44Z" level=info msg=NewConnection DisableClientMultiStatements=false connectionID=8
time="2026-03-20T23:05:44Z" level=info msg=ConnectionClosed connectionID=8
time="2026-03-20T23:05:44Z" level=info msg=NewConnection DisableClientMultiStatements=false connectionID=9
time="2026-03-20T23:05:44Z" level=info msg=ConnectionClosed connectionID=9
time="2026-03-20T23:05:45Z" level=info msg=NewConnection DisableClientMultiStatements=false connectionID=10
time="2026-03-20T23:05:45Z" level=info msg=ConnectionClosed connectionID=10
time="2026-03-20T23:05:45Z" level=info msg=NewConnection DisableClientMultiStatements=false connectionID=11
time="2026-03-20T23:05:45Z" level=info msg=ConnectionClosed connectionID=11
time="2026-03-20T23:05:45Z" level=info msg=ConnectionClosed connectionID=4
time="2026-03-20T23:05:45Z" level=info msg=ConnectionClosed connectionID=7
time="2026-03-20T23:05:45Z" level=info msg=NewConnection DisableClientMultiStatements=false connectionID=13
time="2026-03-20T23:05:45Z" level=info msg=NewConnection DisableClientMultiStatements=false connectionID=12
time="2026-03-20T23:05:45Z" level=info msg="Server closing listener. No longer accepting connections."
time="2026-03-20T23:05:45Z" level=info msg=ConnectionClosed connectionID=13
time="2026-03-20T23:05:45Z" level=info msg="kill query: pid 67"
time="2026-03-20T23:05:45Z" level=info msg="stats stopped: context canceled"
time="2026-03-20T23:05:45Z" level=error msg="Conn 12: Flush() failed: set tcp 127.0.0.1:54582: use of closed network connection"
time="2026-03-20T23:05:45Z" level=info msg=ConnectionClosed connectionID=12
Starting server with Config HP="127.0.0.1:62269"|T="28800000"|R="false"|L="info"
time="2026-03-21T20:43:28Z" level=info msg="Server ready. Accepting connections."
time="2026-03-21T20:43:28Z" level=warning msg="secure_file_priv is set to \"\", which is insecure."
time="2026-03-21T20:43:28Z" level=warning msg="Any user with GRANT FILE privileges will be able to read any file which the sql-server process can read."
time="2026-03-21T20:43:28Z" level=warning msg="Please consider restarting the server with secure_file_priv set to a safe (or non-existent) directory."
time="2026-03-21T20:43:28Z" level=info msg=NewConnection DisableClientMultiStatements=false connectionID=1
time="2026-03-21T20:43:28Z" level=info msg=NewConnection DisableClientMultiStatements=false connectionID=2
time="2026-03-21T20:43:28Z" level=info msg=NewConnection DisableClientMultiStatements=false connectionID=3
time="2026-03-21T20:43:28Z" level=info msg=ConnectionClosed connectionID=2
time="2026-03-21T20:43:28Z" level=info msg=ConnectionClosed connectionID=1
time="2026-03-21T20:43:28Z" level=info msg=NewConnection DisableClientMultiStatements=false connectionID=4
time="2026-03-21T20:43:28Z" level=info msg=ConnectionClosed connectionID=3
time="2026-03-21T20:43:28Z" level=info msg=NewConnection DisableClientMultiStatements=false connectionID=5
time="2026-03-21T20:43:28Z" level=info msg=ConnectionClosed connectionID=5
time="2026-03-21T20:43:28Z" level=info msg=NewConnection DisableClientMultiStatements=false connectionID=6
time="2026-03-21T20:43:28Z" level=warning msg="error running query" connectTime="2026-03-21 20:43:28.360462 +0000 GMT m=+0.203510543" connectionDb=human_hum connectionID=4 error="nothing to commit" queryTime="2026-03-21 20:43:28.378761 +0000 GMT m=+0.221810085"
time="2026-03-21T20:43:28Z" level=info msg=NewConnection DisableClientMultiStatements=false connectionID=7
time="2026-03-21T20:43:28Z" level=info msg=ConnectionClosed connectionID=6
time="2026-03-21T20:43:28Z" level=warning msg="error running query" connectTime="2026-03-21 20:43:28.379501 +0000 GMT m=+0.222550251" connectionDb=human_hum connectionID=7 error="nothing to commit" queryTime="2026-03-21 20:43:28.38703 +0000 GMT m=+0.230078501"
time="2026-03-21T20:43:28Z" level=info msg=NewConnection DisableClientMultiStatements=false connectionID=8
time="2026-03-21T20:43:28Z" level=info msg=ConnectionClosed connectionID=8
time="2026-03-21T20:43:28Z" level=info msg=NewConnection DisableClientMultiStatements=false connectionID=9
time="2026-03-21T20:43:28Z" level=info msg=ConnectionClosed connectionID=9
time="2026-03-21T20:43:28Z" level=info msg=NewConnection DisableClientMultiStatements=false connectionID=10
time="2026-03-21T20:43:28Z" level=info msg=ConnectionClosed connectionID=10
time="2026-03-21T20:43:28Z" level=info msg=NewConnection DisableClientMultiStatements=false connectionID=11
time="2026-03-21T20:43:28Z" level=info msg=ConnectionClosed connectionID=11
time="2026-03-21T20:43:28Z" level=info msg=ConnectionClosed connectionID=4
time="2026-03-21T20:43:28Z" level=info msg=ConnectionClosed connectionID=7
time="2026-03-21T20:43:28Z" level=info msg=NewConnection DisableClientMultiStatements=false connectionID=12
time="2026-03-21T20:43:28Z" level=info msg=ConnectionClosed connectionID=12
time="2026-03-21T20:43:28Z" level=info msg="Server closing listener. No longer accepting connections."
time="2026-03-21T20:43:28Z" level=info msg="stats stopped: context canceled"
Starting server with Config HP="127.0.0.1:62318"|T="28800000"|R="false"|L="info"
time="2026-03-21T20:43:30Z" level=info msg="Server ready. Accepting connections."
time="2026-03-21T20:43:30Z" level=warning msg="secure_file_priv is set to \"\", which is insecure."
time="2026-03-21T20:43:30Z" level=warning msg="Any user with GRANT FILE privileges will be able to read any file which the sql-server process can read."
time="2026-03-21T20:43:30Z" level=warning msg="Please consider restarting the server with secure_file_priv set to a safe (or non-existent) directory."
time="2026-03-21T20:43:30Z" level=info msg=NewConnection DisableClientMultiStatements=false connectionID=1
time="2026-03-21T20:43:30Z" level=info msg=ConnectionClosed connectionID=1
time="2026-03-21T20:43:30Z" level=info msg=NewConnection DisableClientMultiStatements=false connectionID=2
time="2026-03-21T20:43:30Z" level=info msg=ConnectionClosed connectionID=2
time="2026-03-21T20:43:30Z" level=info msg=NewConnection DisableClientMultiStatements=false connectionID=3
time="2026-03-21T20:43:30Z" level=info msg=NewConnection DisableClientMultiStatements=false connectionID=4
time="2026-03-21T20:43:30Z" level=info msg=ConnectionClosed connectionID=3
time="2026-03-21T20:43:30Z" level=warning msg="error running query" connectTime="2026-03-21 20:43:30.476516 +0000 GMT m=+0.197004126" connectionDb=human_hum connectionID=4 error="nothing to commit" queryTime="2026-03-21 20:43:30.485021 +0000 GMT m=+0.205509793"
time="2026-03-21T20:43:30Z" level=info msg=NewConnection DisableClientMultiStatements=false connectionID=5
time="2026-03-21T20:43:30Z" level=info msg=ConnectionClosed connectionID=5
time="2026-03-21T20:43:30Z" level=info msg=NewConnection DisableClientMultiStatements=false connectionID=6
time="2026-03-21T20:43:30Z" level=info msg=NewConnection DisableClientMultiStatements=false connectionID=7
time="2026-03-21T20:43:30Z" level=info msg=ConnectionClosed connectionID=6
time="2026-03-21T20:43:30Z" level=warning msg="error running query" connectTime="2026-03-21 20:43:30.49863 +0000 GMT m=+0.219118293" connectionDb=human_hum connectionID=7 error="nothing to commit" queryTime="2026-03-21 20:43:30.506953 +0000 GMT m=+0.227441960"
time="2026-03-21T20:43:30Z" level=info msg=NewConnection DisableClientMultiStatements=false connectionID=8
time="2026-03-21T20:43:30Z" level=info msg=ConnectionClosed connectionID=8
time="2026-03-21T20:43:30Z" level=info msg=NewConnection DisableClientMultiStatements=false connectionID=9
time="2026-03-21T20:43:30Z" level=info msg=ConnectionClosed connectionID=9
time="2026-03-21T20:43:30Z" level=info msg=NewConnection DisableClientMultiStatements=false connectionID=10
time="2026-03-21T20:43:30Z" level=info msg=ConnectionClosed connectionID=10
time="2026-03-21T20:43:30Z" level=info msg=NewConnection DisableClientMultiStatements=false connectionID=11
time="2026-03-21T20:43:30Z" level=info msg=ConnectionClosed connectionID=11
time="2026-03-21T20:43:30Z" level=info msg=ConnectionClosed connectionID=4
time="2026-03-21T20:43:30Z" level=info msg=NewConnection DisableClientMultiStatements=false connectionID=12
time="2026-03-21T20:43:30Z" level=info msg=ConnectionClosed connectionID=7
time="2026-03-21T20:43:30Z" level=info msg=ConnectionClosed connectionID=12
time="2026-03-21T20:43:30Z" level=info msg="Server closing listener. No longer accepting connections."
time="2026-03-21T20:43:30Z" level=info msg="stats stopped: context canceled"
Starting server with Config HP="127.0.0.1:62365"|T="28800000"|R="false"|L="info"
time="2026-03-21T20:43:31Z" level=info msg="Server ready. Accepting connections."
time="2026-03-21T20:43:31Z" level=warning msg="secure_file_priv is set to \"\", which is insecure."
time="2026-03-21T20:43:31Z" level=warning msg="Any user with GRANT FILE privileges will be able to read any file which the sql-server process can read."
time="2026-03-21T20:43:31Z" level=warning msg="Please consider restarting the server with secure_file_priv set to a safe (or non-existent) directory."
time="2026-03-21T20:43:31Z" level=info msg=NewConnection DisableClientMultiStatements=false connectionID=1
time="2026-03-21T20:43:31Z" level=info msg=ConnectionClosed connectionID=1
time="2026-03-21T20:43:31Z" level=info msg=NewConnection DisableClientMultiStatements=false connectionID=2
time="2026-03-21T20:43:31Z" level=info msg=ConnectionClosed connectionID=2
time="2026-03-21T20:43:31Z" level=info msg=NewConnection DisableClientMultiStatements=false connectionID=3
time="2026-03-21T20:43:31Z" level=info msg=NewConnection DisableClientMultiStatements=false connectionID=4
time="2026-03-21T20:43:31Z" level=info msg=ConnectionClosed connectionID=3
time="2026-03-21T20:43:31Z" level=warning msg="error running query" connectTime="2026-03-21 20:43:31.666721 +0000 GMT m=+0.196257960" connectionDb=human_hum connectionID=4 error="nothing to commit" queryTime="2026-03-21 20:43:31.677067 +0000 GMT m=+0.206603960"
time="2026-03-21T20:43:31Z" level=info msg=NewConnection DisableClientMultiStatements=false connectionID=5
time="2026-03-21T20:43:31Z" level=info msg=ConnectionClosed connectionID=5
time="2026-03-21T20:43:31Z" level=info msg=NewConnection DisableClientMultiStatements=false connectionID=6
time="2026-03-21T20:43:31Z" level=info msg=NewConnection DisableClientMultiStatements=false connectionID=7
time="2026-03-21T20:43:31Z" level=info msg=ConnectionClosed connectionID=6
time="2026-03-21T20:43:31Z" level=warning msg="error running query" connectTime="2026-03-21 20:43:31.696404 +0000 GMT m=+0.225941126" connectionDb=human_hum connectionID=7 error="nothing to commit" queryTime="2026-03-21 20:43:31.704146 +0000 GMT m=+0.233683001"
time="2026-03-21T20:43:31Z" level=info msg=NewConnection DisableClientMultiStatements=false connectionID=8
time="2026-03-21T20:43:31Z" level=info msg=ConnectionClosed connectionID=8
time="2026-03-21T20:43:31Z" level=info msg=NewConnection DisableClientMultiStatements=false connectionID=9
time="2026-03-21T20:43:31Z" level=info msg=ConnectionClosed connectionID=9
time="2026-03-21T20:43:31Z" level=info msg=NewConnection DisableClientMultiStatements=false connectionID=10
time="2026-03-21T20:43:31Z" level=info msg=ConnectionClosed connectionID=10
time="2026-03-21T20:43:32Z" level=info msg=NewConnection DisableClientMultiStatements=false connectionID=11
time="2026-03-21T20:43:32Z" level=info msg=ConnectionClosed connectionID=11
time="2026-03-21T20:43:32Z" level=info msg=ConnectionClosed connectionID=4
time="2026-03-21T20:43:32Z" level=info msg=ConnectionClosed connectionID=7
time="2026-03-21T20:43:32Z" level=info msg=NewConnection DisableClientMultiStatements=false connectionID=12
time="2026-03-21T20:43:32Z" level=info msg=ConnectionClosed connectionID=12
time="2026-03-21T20:43:32Z" level=info msg="Server closing listener. No longer accepting connections."
time="2026-03-21T20:43:32Z" level=info msg="stats stopped: context canceled"
Starting server with Config HP="127.0.0.1:62466"|T="28800000"|R="false"|L="info"
time="2026-03-21T20:44:25Z" level=info msg="Server ready. Accepting connections."
time="2026-03-21T20:44:25Z" level=warning msg="secure_file_priv is set to \"\", which is insecure."
time="2026-03-21T20:44:25Z" level=warning msg="Any user with GRANT FILE privileges will be able to read any file which the sql-server process can read."
time="2026-03-21T20:44:25Z" level=warning msg="Please consider restarting the server with secure_file_priv set to a safe (or non-existent) directory."
time="2026-03-21T20:44:25Z" level=info msg=NewConnection DisableClientMultiStatements=false connectionID=1
time="2026-03-21T20:44:25Z" level=info msg=NewConnection DisableClientMultiStatements=false connectionID=2
time="2026-03-21T20:44:25Z" level=info msg=NewConnection DisableClientMultiStatements=false connectionID=3
time="2026-03-21T20:44:25Z" level=info msg=ConnectionClosed connectionID=1
time="2026-03-21T20:44:25Z" level=info msg=ConnectionClosed connectionID=2
time="2026-03-21T20:44:25Z" level=info msg=NewConnection DisableClientMultiStatements=false connectionID=4
time="2026-03-21T20:44:25Z" level=info msg=ConnectionClosed connectionID=3
time="2026-03-21T20:44:25Z" level=info msg=NewConnection DisableClientMultiStatements=false connectionID=5
time="2026-03-21T20:44:25Z" level=info msg=ConnectionClosed connectionID=5
time="2026-03-21T20:44:25Z" level=info msg=NewConnection DisableClientMultiStatements=false connectionID=6
time="2026-03-21T20:44:25Z" level=info msg=NewConnection DisableClientMultiStatements=false connectionID=7
time="2026-03-21T20:44:25Z" level=info msg=ConnectionClosed connectionID=6
time="2026-03-21T20:44:25Z" level=warning msg="error running query" connectTime="2026-03-21 20:44:25.087211 +0000 GMT m=+0.201789876" connectionDb=human_hum connectionID=4 error="nothing to commit" queryTime="2026-03-21 20:44:25.105188 +0000 GMT m=+0.219767251"
time="2026-03-21T20:44:25Z" level=warning msg="error running query" connectTime="2026-03-21 20:44:25.104404 +0000 GMT m=+0.218982959" connectionDb=human_hum connectionID=7 error="nothing to commit" queryTime="2026-03-21 20:44:25.112154 +0000 GMT m=+0.226733459"
time="2026-03-21T20:44:25Z" level=info msg=NewConnection DisableClientMultiStatements=false connectionID=9
time="2026-03-21T20:44:25Z" level=info msg=NewConnection DisableClientMultiStatements=false connectionID=8
time="2026-03-21T20:44:25Z" level=info msg=ConnectionClosed connectionID=8
time="2026-03-21T20:44:25Z" level=info msg=ConnectionClosed connectionID=9
time="2026-03-21T20:44:25Z" level=info msg=NewConnection DisableClientMultiStatements=false connectionID=10
time="2026-03-21T20:44:25Z" level=info msg=NewConnection DisableClientMultiStatements=false connectionID=11
time="2026-03-21T20:44:25Z" level=info msg=ConnectionClosed connectionID=10
time="2026-03-21T20:44:25Z" level=info msg=ConnectionClosed connectionID=11
time="2026-03-21T20:44:25Z" level=info msg=ConnectionClosed connectionID=4
time="2026-03-21T20:44:25Z" level=info msg=ConnectionClosed connectionID=7
time="2026-03-21T20:44:25Z" level=info msg=NewConnection DisableClientMultiStatements=false connectionID=12
time="2026-03-21T20:44:25Z" level=info msg=NewConnection DisableClientMultiStatements=false connectionID=13
time="2026-03-21T20:44:25Z" level=info msg="Server closing listener. No longer accepting connections."
time="2026-03-21T20:44:25Z" level=info msg=ConnectionClosed connectionID=12
time="2026-03-21T20:44:25Z" level=info msg="kill query: pid 67"
time="2026-03-21T20:44:25Z" level=info msg="stats stopped: context canceled"
time="2026-03-21T20:44:25Z" level=error msg="Conn 13: Flush() failed: set tcp 127.0.0.1:62466: use of closed network connection"
time="2026-03-21T20:44:25Z" level=info msg=ConnectionClosed connectionID=13
Starting server with Config HP="127.0.0.1:62514"|T="28800000"|R="false"|L="info"
time="2026-03-21T20:44:35Z" level=info msg="Server ready. Accepting connections."
time="2026-03-21T20:44:35Z" level=warning msg="secure_file_priv is set to \"\", which is insecure."
time="2026-03-21T20:44:35Z" level=warning msg="Any user with GRANT FILE privileges will be able to read any file which the sql-server process can read."
time="2026-03-21T20:44:35Z" level=warning msg="Please consider restarting the server with secure_file_priv set to a safe (or non-existent) directory."
time="2026-03-21T20:44:35Z" level=info msg=NewConnection DisableClientMultiStatements=false connectionID=1
time="2026-03-21T20:44:35Z" level=info msg=NewConnection DisableClientMultiStatements=false connectionID=2
time="2026-03-21T20:44:35Z" level=info msg=ConnectionClosed connectionID=1
time="2026-03-21T20:44:35Z" level=info msg=ConnectionClosed connectionID=2
time="2026-03-21T20:44:35Z" level=info msg=NewConnection DisableClientMultiStatements=false connectionID=3
time="2026-03-21T20:44:35Z" level=info msg=NewConnection DisableClientMultiStatements=false connectionID=4
time="2026-03-21T20:44:35Z" level=info msg=ConnectionClosed connectionID=3
time="2026-03-21T20:44:35Z" level=warning msg="error running query" connectTime="2026-03-21 20:44:35.826548 +0000 GMT m=+0.197783251" connectionDb=human_hum connectionID=4 error="nothing to commit" queryTime="2026-03-21 20:44:35.83597 +0000 GMT m=+0.207205584"
time="2026-03-21T20:44:35Z" level=info msg=NewConnection DisableClientMultiStatements=false connectionID=5
time="2026-03-21T20:44:35Z" level=info msg=ConnectionClosed connectionID=5
time="2026-03-21T20:44:35Z" level=info msg=NewConnection DisableClientMultiStatements=false connectionID=6
time="2026-03-21T20:44:35Z" level=info msg=NewConnection DisableClientMultiStatements=false connectionID=7
time="2026-03-21T20:44:35Z" level=info msg=ConnectionClosed connectionID=6
time="2026-03-21T20:44:35Z" level=warning msg="error running query" connectTime="2026-03-21 20:44:35.851557 +0000 GMT m=+0.222792251" connectionDb=human_hum connectionID=7 error="nothing to commit" queryTime="2026-03-21 20:44:35.859392 +0000 GMT m=+0.230627376"
time="2026-03-21T20:44:35Z" level=info msg=NewConnection DisableClientMultiStatements=false connectionID=8
time="2026-03-21T20:44:35Z" level=info msg=ConnectionClosed connectionID=8
time="2026-03-21T20:44:35Z" level=info msg=NewConnection DisableClientMultiStatements=false connectionID=9
time="2026-03-21T20:44:35Z" level=info msg=ConnectionClosed connectionID=9
time="2026-03-21T20:44:36Z" level=info msg=NewConnection DisableClientMultiStatements=false connectionID=10
time="2026-03-21T20:44:36Z" level=info msg=ConnectionClosed connectionID=10
time="2026-03-21T20:44:36Z" level=info msg=NewConnection DisableClientMultiStatements=false connectionID=11
time="2026-03-21T20:44:36Z" level=info msg=ConnectionClosed connectionID=11
time="2026-03-21T20:44:36Z" level=info msg=ConnectionClosed connectionID=4
time="2026-03-21T20:44:36Z" level=info msg=ConnectionClosed connectionID=7
time="2026-03-21T20:44:36Z" level=info msg=NewConnection DisableClientMultiStatements=false connectionID=12
time="2026-03-21T20:44:36Z" level=info msg=ConnectionClosed connectionID=12
time="2026-03-21T20:44:36Z" level=info msg="Server closing listener. No longer accepting connections."
time="2026-03-21T20:44:36Z" level=info msg="stats stopped: context canceled"
Starting server with Config HP="127.0.0.1:62575"|T="28800000"|R="false"|L="info"
time="2026-03-21T20:44:55Z" level=info msg="Server ready. Accepting connections."
time="2026-03-21T20:44:55Z" level=warning msg="secure_file_priv is set to \"\", which is insecure."
time="2026-03-21T20:44:55Z" level=warning msg="Any user with GRANT FILE privileges will be able to read any file which the sql-server process can read."
time="2026-03-21T20:44:55Z" level=warning msg="Please consider restarting the server with secure_file_priv set to a safe (or non-existent) directory."
time="2026-03-21T20:44:55Z" level=info msg=NewConnection DisableClientMultiStatements=false connectionID=2
time="2026-03-21T20:44:55Z" level=info msg=NewConnection DisableClientMultiStatements=false connectionID=1
time="2026-03-21T20:44:55Z" level=info msg=ConnectionClosed connectionID=2
time="2026-03-21T20:44:55Z" level=info msg=ConnectionClosed connectionID=1
time="2026-03-21T20:44:55Z" level=info msg=NewConnection DisableClientMultiStatements=false connectionID=3
time="2026-03-21T20:44:55Z" level=info msg=NewConnection DisableClientMultiStatements=false connectionID=4
time="2026-03-21T20:44:55Z" level=info msg=ConnectionClosed connectionID=3
time="2026-03-21T20:44:55Z" level=info msg=NewConnection DisableClientMultiStatements=false connectionID=5
time="2026-03-21T20:44:55Z" level=info msg=ConnectionClosed connectionID=5
time="2026-03-21T20:44:55Z" level=info msg=NewConnection DisableClientMultiStatements=false connectionID=6
time="2026-03-21T20:44:55Z" level=info msg=NewConnection DisableClientMultiStatements=false connectionID=7
time="2026-03-21T20:44:55Z" level=info msg=ConnectionClosed connectionID=6
time="2026-03-21T20:44:55Z" level=warning msg="error running query" connectTime="2026-03-21 20:44:55.78407 +0000 GMT m=+0.201454543" connectionDb=human_hum connectionID=4 error="nothing to commit" queryTime="2026-03-21 20:44:55.798545 +0000 GMT m=+0.215929710"
time="2026-03-21T20:44:55Z" level=warning msg="error running query" connectTime="2026-03-21 20:44:55.797621 +0000 GMT m=+0.215006210" connectionDb=human_hum connectionID=7 error="nothing to commit" queryTime="2026-03-21 20:44:55.804019 +0000 GMT m=+0.221403960"
time="2026-03-21T20:44:55Z" level=info msg=NewConnection DisableClientMultiStatements=false connectionID=9
time="2026-03-21T20:44:55Z" level=info msg=NewConnection DisableClientMultiStatements=false connectionID=8
time="2026-03-21T20:44:55Z" level=info msg=ConnectionClosed connectionID=9
time="2026-03-21T20:44:55Z" level=info msg=ConnectionClosed connectionID=8
time="2026-03-21T20:44:56Z" level=info msg=NewConnection DisableClientMultiStatements=false connectionID=11
time="2026-03-21T20:44:56Z" level=info msg=NewConnection DisableClientMultiStatements=false connectionID=10
time="2026-03-21T20:44:56Z" level=info msg=ConnectionClosed connectionID=10
time="2026-03-21T20:44:56Z" level=info msg=ConnectionClosed connectionID=11
time="2026-03-21T20:44:56Z" level=info msg=ConnectionClosed connectionID=4
time="2026-03-21T20:44:56Z" level=info msg=ConnectionClosed connectionID=7
time="2026-03-21T20:44:56Z" level=info msg=NewConnection DisableClientMultiStatements=false connectionID=12
time="2026-03-21T20:44:56Z" level=info msg=NewConnection DisableClientMultiStatements=false connectionID=13
time="2026-03-21T20:44:56Z" level=info msg=ConnectionClosed connectionID=12
time="2026-03-21T20:44:56Z" level=info msg="Server closing listener. No longer accepting connections."
time="2026-03-21T20:44:56Z" level=error msg="Cannot write OK packet to client 13 (127.0.0.1:62611): set tcp 127.0.0.1:62575: use of closed network connection\nWrite(packet) failed\nconn 13"
time="2026-03-21T20:44:56Z" level=info msg=ConnectionClosed connectionID=13
time="2026-03-21T20:44:56Z" level=info msg="stats stopped: context canceled"
Starting server with Config HP="127.0.0.1:62727"|T="28800000"|R="false"|L="info"
time="2026-03-21T20:46:54Z" level=info msg="Server ready. Accepting connections."
time="2026-03-21T20:46:54Z" level=warning msg="secure_file_priv is set to \"\", which is insecure."
time="2026-03-21T20:46:54Z" level=warning msg="Any user with GRANT FILE privileges will be able to read any file which the sql-server process can read."
time="2026-03-21T20:46:54Z" level=warning msg="Please consider restarting the server with secure_file_priv set to a safe (or non-existent) directory."
time="2026-03-21T20:46:54Z" level=info msg=NewConnection DisableClientMultiStatements=false connectionID=1
time="2026-03-21T20:46:54Z" level=info msg=NewConnection DisableClientMultiStatements=false connectionID=2
time="2026-03-21T20:46:54Z" level=info msg=NewConnection DisableClientMultiStatements=false connectionID=3
time="2026-03-21T20:46:54Z" level=info msg=ConnectionClosed connectionID=1
time="2026-03-21T20:46:54Z" level=info msg=ConnectionClosed connectionID=2
time="2026-03-21T20:46:54Z" level=info msg=NewConnection DisableClientMultiStatements=false connectionID=4
time="2026-03-21T20:46:54Z" level=info msg=ConnectionClosed connectionID=3
time="2026-03-21T20:46:54Z" level=info msg=NewConnection DisableClientMultiStatements=false connectionID=5
time="2026-03-21T20:46:54Z" level=info msg=ConnectionClosed connectionID=5
time="2026-03-21T20:46:54Z" level=info msg=NewConnection DisableClientMultiStatements=false connectionID=6
time="2026-03-21T20:46:54Z" level=info msg=NewConnection DisableClientMultiStatements=false connectionID=7
time="2026-03-21T20:46:54Z" level=info msg=ConnectionClosed connectionID=6
time="2026-03-21T20:46:54Z" level=warning msg="error running query" connectTime="2026-03-21 20:46:54.507533 +0000 GMT m=+0.201912835" connectionDb=human_hum connectionID=4 error="nothing to commit" queryTime="2026-03-21 20:46:54.529249 +0000 GMT m=+0.223628626"
time="2026-03-21T20:46:54Z" level=warning msg="error running query" connectTime="2026-03-21 20:46:54.521991 +0000 GMT m=+0.216371085" connectionDb=human_hum connectionID=7 error="nothing to commit" queryTime="2026-03-21 20:46:54.534386 +0000 GMT m=+0.228766001"
time="2026-03-21T20:46:54Z" level=info msg=NewConnection DisableClientMultiStatements=false connectionID=8
time="2026-03-21T20:46:54Z" level=info msg=NewConnection DisableClientMultiStatements=false connectionID=9
time="2026-03-21T20:46:54Z" level=info msg=ConnectionClosed connectionID=8
time="2026-03-21T20:46:54Z" level=info msg=ConnectionClosed connectionID=9
time="2026-03-21T20:46:54Z" level=info msg=NewConnection DisableClientMultiStatements=false connectionID=11
time="2026-03-21T20:46:54Z" level=info msg=NewConnection DisableClientMultiStatements=false connectionID=10
time="2026-03-21T20:46:54Z" level=info msg=ConnectionClosed connectionID=11
time="2026-03-21T20:46:54Z" level=info msg=ConnectionClosed connectionID=10
time="2026-03-21T20:46:54Z" level=info msg=ConnectionClosed connectionID=4
time="2026-03-21T20:46:54Z" level=info msg=ConnectionClosed connectionID=7
time="2026-03-21T20:46:54Z" level=info msg=NewConnection DisableClientMultiStatements=false connectionID=12
time="2026-03-21T20:46:54Z" level=info msg=NewConnection DisableClientMultiStatements=false connectionID=13
time="2026-03-21T20:46:54Z" level=info msg=ConnectionClosed connectionID=13
time="2026-03-21T20:46:54Z" level=info msg="Server closing listener. No longer accepting connections."
time="2026-03-21T20:46:54Z" level=info msg="kill query: pid 67"
time="2026-03-21T20:46:54Z" level=info msg="stats stopped: context canceled"
time="2026-03-21T20:46:54Z" level=error msg="Conn 12: Flush() failed: set tcp 127.0.0.1:62727: use of closed network connection"
time="2026-03-21T20:46:54Z" level=info msg=ConnectionClosed connectionID=12
Starting server with Config HP="127.0.0.1:62770"|T="28800000"|R="false"|L="info"
time="2026-03-21T20:47:04Z" level=info msg="Server ready. Accepting connections."
time="2026-03-21T20:47:04Z" level=warning msg="secure_file_priv is set to \"\", which is insecure."
time="2026-03-21T20:47:04Z" level=warning msg="Any user with GRANT FILE privileges will be able to read any file which the sql-server process can read."
time="2026-03-21T20:47:04Z" level=warning msg="Please consider restarting the server with secure_file_priv set to a safe (or non-existent) directory."
time="2026-03-21T20:47:04Z" level=info msg=NewConnection DisableClientMultiStatements=false connectionID=1
time="2026-03-21T20:47:04Z" level=info msg=NewConnection DisableClientMultiStatements=false connectionID=2
time="2026-03-21T20:47:04Z" level=info msg=ConnectionClosed connectionID=1
time="2026-03-21T20:47:04Z" level=info msg=ConnectionClosed connectionID=2
time="2026-03-21T20:47:04Z" level=info msg=NewConnection DisableClientMultiStatements=false connectionID=3
time="2026-03-21T20:47:04Z" level=info msg=NewConnection DisableClientMultiStatements=false connectionID=4
time="2026-03-21T20:47:04Z" level=info msg=ConnectionClosed connectionID=3
time="2026-03-21T20:47:04Z" level=info msg=ConnectionClosed connectionID=4
time="2026-03-21T20:47:04Z" level=info msg=NewConnection DisableClientMultiStatements=false connectionID=5
time="2026-03-21T20:47:04Z" level=info msg=ConnectionClosed connectionID=5
time="2026-03-21T20:47:04Z" level=info msg="Server closing listener. No longer accepting connections."
time="2026-03-21T20:47:04Z" level=info msg="stats stopped: context canceled"
Starting server with Config HP="127.0.0.1:62788"|T="28800000"|R="false"|L="info"
time="2026-03-21T20:47:12Z" level=info msg="Server ready. Accepting connections."
time="2026-03-21T20:47:12Z" level=warning msg="secure_file_priv is set to \"\", which is insecure."
time="2026-03-21T20:47:12Z" level=warning msg="Any user with GRANT FILE privileges will be able to read any file which the sql-server process can read."
time="2026-03-21T20:47:12Z" level=warning msg="Please consider restarting the server with secure_file_priv set to a safe (or non-existent) directory."
time="2026-03-21T20:47:12Z" level=info msg=NewConnection DisableClientMultiStatements=false connectionID=1
time="2026-03-21T20:47:12Z" level=info msg=NewConnection DisableClientMultiStatements=false connectionID=2
time="2026-03-21T20:47:12Z" level=info msg=ConnectionClosed connectionID=1
time="2026-03-21T20:47:12Z" level=info msg=ConnectionClosed connectionID=2
time="2026-03-21T20:47:12Z" level=info msg=NewConnection DisableClientMultiStatements=false connectionID=3
time="2026-03-21T20:47:12Z" level=info msg=NewConnection DisableClientMultiStatements=false connectionID=4
time="2026-03-21T20:47:12Z" level=info msg=ConnectionClosed connectionID=3
time="2026-03-21T20:47:12Z" level=info msg=ConnectionClosed connectionID=4
time="2026-03-21T20:47:12Z" level=info msg=NewConnection DisableClientMultiStatements=false connectionID=5
time="2026-03-21T20:47:12Z" level=info msg=ConnectionClosed connectionID=5
time="2026-03-21T20:47:12Z" level=info msg="Server closing listener. No longer accepting connections."
time="2026-03-21T20:47:12Z" level=info msg="stats stopped: context canceled"
Starting server with Config HP="127.0.0.1:62802"|T="28800000"|R="false"|L="info"
time="2026-03-21T20:47:21Z" level=info msg="Server ready. Accepting connections."
time="2026-03-21T20:47:21Z" level=warning msg="secure_file_priv is set to \"\", which is insecure."
time="2026-03-21T20:47:21Z" level=warning msg="Any user with GRANT FILE privileges will be able to read any file which the sql-server process can read."
time="2026-03-21T20:47:21Z" level=warning msg="Please consider restarting the server with secure_file_priv set to a safe (or non-existent) directory."
time="2026-03-21T20:47:21Z" level=info msg=NewConnection DisableClientMultiStatements=false connectionID=1
time="2026-03-21T20:47:21Z" level=info msg=NewConnection DisableClientMultiStatements=false connectionID=2
time="2026-03-21T20:47:21Z" level=info msg=ConnectionClosed connectionID=1
time="2026-03-21T20:47:21Z" level=info msg=ConnectionClosed connectionID=2
time="2026-03-21T20:47:21Z" level=info msg=NewConnection DisableClientMultiStatements=false connectionID=3
time="2026-03-21T20:47:21Z" level=info msg=NewConnection DisableClientMultiStatements=false connectionID=4
time="2026-03-21T20:47:21Z" level=info msg=ConnectionClosed connectionID=3
time="2026-03-21T20:47:21Z" level=warning msg="error running query" connectTime="2026-03-21 20:47:21.787563 +0000 GMT m=+0.197770418" connectionDb=human_hum connectionID=4 error="nothing to commit" queryTime="2026-03-21 20:47:21.803867 +0000 GMT m=+0.214074043"
time="2026-03-21T20:47:21Z" level=info msg=NewConnection DisableClientMultiStatements=false connectionID=5
time="2026-03-21T20:47:21Z" level=info msg=ConnectionClosed connectionID=5
time="2026-03-21T20:47:22Z" level=info msg=NewConnection DisableClientMultiStatements=false connectionID=6
time="2026-03-21T20:47:22Z" level=info msg=ConnectionClosed connectionID=6
time="2026-03-21T20:47:22Z" level=info msg=ConnectionClosed connectionID=4
time="2026-03-21T20:47:22Z" level=info msg=NewConnection DisableClientMultiStatements=false connectionID=7
time="2026-03-21T20:47:22Z" level=info msg=ConnectionClosed connectionID=7
time="2026-03-21T20:47:22Z" level=info msg="Server closing listener. No longer accepting connections."
time="2026-03-21T20:47:22Z" level=info msg="stats stopped: context canceled"
Starting server with Config HP="127.0.0.1:62883"|T="28800000"|R="false"|L="info"
time="2026-03-21T20:47:54Z" level=info msg="Server ready. Accepting connections."
time="2026-03-21T20:47:54Z" level=warning msg="secure_file_priv is set to \"\", which is insecure."
time="2026-03-21T20:47:54Z" level=warning msg="Any user with GRANT FILE privileges will be able to read any file which the sql-server process can read."
time="2026-03-21T20:47:54Z" level=warning msg="Please consider restarting the server with secure_file_priv set to a safe (or non-existent) directory."
time="2026-03-21T20:47:54Z" level=info msg=NewConnection DisableClientMultiStatements=false connectionID=1
time="2026-03-21T20:47:54Z" level=info msg=NewConnection DisableClientMultiStatements=false connectionID=2
time="2026-03-21T20:47:54Z" level=info msg=ConnectionClosed connectionID=1
time="2026-03-21T20:47:54Z" level=info msg=ConnectionClosed connectionID=2
time="2026-03-21T20:47:54Z" level=info msg=NewConnection DisableClientMultiStatements=false connectionID=3
time="2026-03-21T20:47:54Z" level=info msg=NewConnection DisableClientMultiStatements=false connectionID=4
time="2026-03-21T20:47:54Z" level=info msg=ConnectionClosed connectionID=3
time="2026-03-21T20:47:54Z" level=info msg=ConnectionClosed connectionID=4
time="2026-03-21T20:47:54Z" level=info msg=NewConnection DisableClientMultiStatements=false connectionID=5
time="2026-03-21T20:47:54Z" level=info msg="Server closing listener. No longer accepting connections."
time="2026-03-21T20:47:54Z" level=info msg=ConnectionClosed connectionID=5
time="2026-03-21T20:47:54Z" level=info msg="stats stopped: context canceled"
Starting server with Config HP="127.0.0.1:63123"|T="28800000"|R="false"|L="info"
time="2026-03-21T20:50:18Z" level=info msg="Server ready. Accepting connections."
time="2026-03-21T20:50:18Z" level=warning msg="secure_file_priv is set to \"\", which is insecure."
time="2026-03-21T20:50:18Z" level=warning msg="Any user with GRANT FILE privileges will be able to read any file which the sql-server process can read."
time="2026-03-21T20:50:18Z" level=warning msg="Please consider restarting the server with secure_file_priv set to a safe (or non-existent) directory."
time="2026-03-21T20:50:18Z" level=info msg=NewConnection DisableClientMultiStatements=false connectionID=1
time="2026-03-21T20:50:18Z" level=info msg=NewConnection DisableClientMultiStatements=false connectionID=2
time="2026-03-21T20:50:18Z" level=info msg=ConnectionClosed connectionID=2
time="2026-03-21T20:50:18Z" level=info msg=ConnectionClosed connectionID=1
time="2026-03-21T20:50:18Z" level=info msg=NewConnection DisableClientMultiStatements=false connectionID=3
time="2026-03-21T20:50:18Z" level=info msg=NewConnection DisableClientMultiStatements=false connectionID=4
time="2026-03-21T20:50:18Z" level=info msg=ConnectionClosed connectionID=3
time="2026-03-21T20:50:18Z" level=warning msg="error running query" connectTime="2026-03-21 20:50:18.736535 +0000 GMT m=+0.202967084" connectionDb=human_hum connectionID=4 error="nothing to commit" queryTime="2026-03-21 20:50:18.753926 +0000 GMT m=+0.220358334"
time="2026-03-21T20:50:18Z" level=info msg=NewConnection DisableClientMultiStatements=false connectionID=5
time="2026-03-21T20:50:18Z" level=info msg=ConnectionClosed connectionID=5
time="2026-03-21T20:50:19Z" level=info msg=NewConnection DisableClientMultiStatements=false connectionID=6
time="2026-03-21T20:50:19Z" level=info msg=ConnectionClosed connectionID=6
time="2026-03-21T20:50:19Z" level=info msg=ConnectionClosed connectionID=4
time="2026-03-21T20:50:19Z" level=info msg=NewConnection DisableClientMultiStatements=false connectionID=7
time="2026-03-21T20:50:19Z" level=info msg="Server closing listener. No longer accepting connections."
time="2026-03-21T20:50:19Z" level=info msg=ConnectionClosed connectionID=7
time="2026-03-21T20:50:19Z" level=info msg="stats stopped: context canceled"
Starting server with Config HP="127.0.0.1:63148"|T="28800000"|R="false"|L="info"
time="2026-03-21T20:50:34Z" level=info msg="Server ready. Accepting connections."
time="2026-03-21T20:50:34Z" level=warning msg="secure_file_priv is set to \"\", which is insecure."
time="2026-03-21T20:50:34Z" level=warning msg="Any user with GRANT FILE privileges will be able to read any file which the sql-server process can read."
time="2026-03-21T20:50:34Z" level=warning msg="Please consider restarting the server with secure_file_priv set to a safe (or non-existent) directory."
time="2026-03-21T20:50:34Z" level=info msg=NewConnection DisableClientMultiStatements=false connectionID=1
time="2026-03-21T20:50:34Z" level=info msg=NewConnection DisableClientMultiStatements=false connectionID=2
time="2026-03-21T20:50:34Z" level=info msg=NewConnection DisableClientMultiStatements=false connectionID=3
time="2026-03-21T20:50:34Z" level=info msg=ConnectionClosed connectionID=2
time="2026-03-21T20:50:34Z" level=info msg=ConnectionClosed connectionID=1
time="2026-03-21T20:50:34Z" level=info msg=NewConnection DisableClientMultiStatements=false connectionID=4
time="2026-03-21T20:50:34Z" level=info msg=ConnectionClosed connectionID=3
time="2026-03-21T20:50:34Z" level=info msg=ConnectionClosed connectionID=4
time="2026-03-21T20:50:34Z" level=info msg=NewConnection DisableClientMultiStatements=false connectionID=5
time="2026-03-21T20:50:34Z" level=info msg=ConnectionClosed connectionID=5
time="2026-03-21T20:50:34Z" level=info msg="Server closing listener. No longer accepting connections."
time="2026-03-21T20:50:34Z" level=info msg="stats stopped: context canceled"
Starting server with Config HP="127.0.0.1:63192"|T="28800000"|R="false"|L="info"
time="2026-03-21T20:51:36Z" level=info msg="Server ready. Accepting connections."
time="2026-03-21T20:51:36Z" level=warning msg="secure_file_priv is set to \"\", which is insecure."
time="2026-03-21T20:51:36Z" level=warning msg="Any user with GRANT FILE privileges will be able to read any file which the sql-server process can read."
time="2026-03-21T20:51:36Z" level=warning msg="Please consider restarting the server with secure_file_priv set to a safe (or non-existent) directory."
time="2026-03-21T20:51:36Z" level=info msg=NewConnection DisableClientMultiStatements=false connectionID=2
time="2026-03-21T20:51:36Z" level=info msg=NewConnection DisableClientMultiStatements=false connectionID=1
time="2026-03-21T20:51:36Z" level=info msg=NewConnection DisableClientMultiStatements=false connectionID=3
time="2026-03-21T20:51:36Z" level=info msg=ConnectionClosed connectionID=1
time="2026-03-21T20:51:36Z" level=info msg=ConnectionClosed connectionID=2
time="2026-03-21T20:51:36Z" level=info msg=NewConnection DisableClientMultiStatements=false connectionID=4
time="2026-03-21T20:51:36Z" level=info msg=ConnectionClosed connectionID=3
time="2026-03-21T20:51:36Z" level=info msg=NewConnection DisableClientMultiStatements=false connectionID=5
time="2026-03-21T20:51:36Z" level=info msg=ConnectionClosed connectionID=5
time="2026-03-21T20:51:36Z" level=info msg=NewConnection DisableClientMultiStatements=false connectionID=6
time="2026-03-21T20:51:36Z" level=info msg=NewConnection DisableClientMultiStatements=false connectionID=7
time="2026-03-21T20:51:36Z" level=warning msg="error running query" connectTime="2026-03-21 20:51:36.422819 +0000 GMT m=+0.203675626" connectionDb=human_hum connectionID=4 error="nothing to commit" queryTime="2026-03-21 20:51:36.444049 +0000 GMT m=+0.224905459"
time="2026-03-21T20:51:36Z" level=info msg=ConnectionClosed connectionID=6
time="2026-03-21T20:51:36Z" level=warning msg="error running query" connectTime="2026-03-21 20:51:36.444013 +0000 GMT m=+0.224869376" connectionDb=human_hum connectionID=7 error="nothing to commit" queryTime="2026-03-21 20:51:36.452834 +0000 GMT m=+0.233691001"
time="2026-03-21T20:51:36Z" level=info msg=NewConnection DisableClientMultiStatements=false connectionID=9
time="2026-03-21T20:51:36Z" level=info msg=NewConnection DisableClientMultiStatements=false connectionID=8
time="2026-03-21T20:51:36Z" level=info msg=ConnectionClosed connectionID=9
time="2026-03-21T20:51:36Z" level=info msg=ConnectionClosed connectionID=8
time="2026-03-21T20:51:36Z" level=info msg=NewConnection DisableClientMultiStatements=false connectionID=10
time="2026-03-21T20:51:36Z" level=info msg=ConnectionClosed connectionID=10
time="2026-03-21T20:51:36Z" level=info msg=NewConnection DisableClientMultiStatements=false connectionID=11
time="2026-03-21T20:51:36Z" level=info msg=ConnectionClosed connectionID=11
time="2026-03-21T20:51:36Z" level=info msg=ConnectionClosed connectionID=4
time="2026-03-21T20:51:36Z" level=info msg=ConnectionClosed connectionID=7
time="2026-03-21T20:51:36Z" level=info msg=NewConnection DisableClientMultiStatements=false connectionID=12
time="2026-03-21T20:51:36Z" level=info msg=ConnectionClosed connectionID=12
time="2026-03-21T20:51:36Z" level=info msg="Server closing listener. No longer accepting connections."
time="2026-03-21T20:51:36Z" level=info msg="stats stopped: context canceled"
Starting server with Config HP="127.0.0.1:63249"|T="28800000"|R="false"|L="info"
time="2026-03-21T20:51:46Z" level=info msg="Server ready. Accepting connections."
time="2026-03-21T20:51:46Z" level=warning msg="secure_file_priv is set to \"\", which is insecure."
time="2026-03-21T20:51:46Z" level=warning msg="Any user with GRANT FILE privileges will be able to read any file which the sql-server process can read."
time="2026-03-21T20:51:46Z" level=warning msg="Please consider restarting the server with secure_file_priv set to a safe (or non-existent) directory."
time="2026-03-21T20:51:46Z" level=info msg=NewConnection DisableClientMultiStatements=false connectionID=1
time="2026-03-21T20:51:46Z" level=info msg=NewConnection DisableClientMultiStatements=false connectionID=2
time="2026-03-21T20:51:46Z" level=info msg=ConnectionClosed connectionID=2
time="2026-03-21T20:51:46Z" level=info msg=NewConnection DisableClientMultiStatements=false connectionID=3
time="2026-03-21T20:51:46Z" level=info msg=ConnectionClosed connectionID=1
time="2026-03-21T20:51:46Z" level=info msg=NewConnection DisableClientMultiStatements=false connectionID=4
time="2026-03-21T20:51:46Z" level=info msg=ConnectionClosed connectionID=3
time="2026-03-21T20:51:46Z" level=info msg=ConnectionClosed connectionID=4
time="2026-03-21T20:51:46Z" level=info msg=NewConnection DisableClientMultiStatements=false connectionID=5
time="2026-03-21T20:51:46Z" level=info msg="Server closing listener. No longer accepting connections."
time="2026-03-21T20:51:46Z" level=info msg=ConnectionClosed connectionID=5
time="2026-03-21T20:51:46Z" level=info msg="stats stopped: context canceled"
Starting server with Config HP="127.0.0.1:63266"|T="28800000"|R="false"|L="info"
time="2026-03-21T20:51:57Z" level=info msg="Server ready. Accepting connections."
time="2026-03-21T20:51:57Z" level=warning msg="secure_file_priv is set to \"\", which is insecure."
time="2026-03-21T20:51:57Z" level=warning msg="Any user with GRANT FILE privileges will be able to read any file which the sql-server process can read."
time="2026-03-21T20:51:57Z" level=warning msg="Please consider restarting the server with secure_file_priv set to a safe (or non-existent) directory."
time="2026-03-21T20:51:57Z" level=info msg=NewConnection DisableClientMultiStatements=false connectionID=1
time="2026-03-21T20:51:57Z" level=info msg=NewConnection DisableClientMultiStatements=false connectionID=2
time="2026-03-21T20:51:57Z" level=info msg=ConnectionClosed connectionID=1
time="2026-03-21T20:51:57Z" level=info msg=ConnectionClosed connectionID=2
time="2026-03-21T20:51:57Z" level=info msg=NewConnection DisableClientMultiStatements=false connectionID=3
time="2026-03-21T20:51:57Z" level=info msg=NewConnection DisableClientMultiStatements=false connectionID=4
time="2026-03-21T20:51:57Z" level=info msg=ConnectionClosed connectionID=3
time="2026-03-21T20:51:57Z" level=info msg=ConnectionClosed connectionID=4
time="2026-03-21T20:51:57Z" level=info msg=NewConnection DisableClientMultiStatements=false connectionID=5
time="2026-03-21T20:51:57Z" level=info msg=ConnectionClosed connectionID=5
time="2026-03-21T20:51:57Z" level=info msg="Server closing listener. No longer accepting connections."
time="2026-03-21T20:51:57Z" level=info msg="stats stopped: context canceled"
Starting server with Config HP="127.0.0.1:63279"|T="28800000"|R="false"|L="info"
time="2026-03-21T20:52:02Z" level=info msg="Server ready. Accepting connections."
time="2026-03-21T20:52:02Z" level=warning msg="secure_file_priv is set to \"\", which is insecure."
time="2026-03-21T20:52:02Z" level=warning msg="Any user with GRANT FILE privileges will be able to read any file which the sql-server process can read."
time="2026-03-21T20:52:02Z" level=warning msg="Please consider restarting the server with secure_file_priv set to a safe (or non-existent) directory."
time="2026-03-21T20:52:02Z" level=info msg=NewConnection DisableClientMultiStatements=false connectionID=1
time="2026-03-21T20:52:02Z" level=info msg=NewConnection DisableClientMultiStatements=false connectionID=2
time="2026-03-21T20:52:02Z" level=info msg=ConnectionClosed connectionID=1
time="2026-03-21T20:52:02Z" level=info msg=ConnectionClosed connectionID=2
time="2026-03-21T20:52:02Z" level=info msg=NewConnection DisableClientMultiStatements=false connectionID=3
time="2026-03-21T20:52:02Z" level=info msg=NewConnection DisableClientMultiStatements=false connectionID=4
time="2026-03-21T20:52:02Z" level=info msg=ConnectionClosed connectionID=3
time="2026-03-21T20:52:02Z" level=warning msg="error running query" connectTime="2026-03-21 20:52:02.741866 +0000 GMT m=+0.190677459" connectionDb=human_hum connectionID=4 error="nothing to commit" queryTime="2026-03-21 20:52:02.756391 +0000 GMT m=+0.205202167"
time="2026-03-21T20:52:02Z" level=info msg=NewConnection DisableClientMultiStatements=false connectionID=5
time="2026-03-21T20:52:02Z" level=info msg=ConnectionClosed connectionID=5
time="2026-03-21T20:52:03Z" level=info msg=NewConnection DisableClientMultiStatements=false connectionID=6
time="2026-03-21T20:52:03Z" level=info msg=ConnectionClosed connectionID=6
time="2026-03-21T20:52:03Z" level=info msg=ConnectionClosed connectionID=4
time="2026-03-21T20:52:03Z" level=info msg=NewConnection DisableClientMultiStatements=false connectionID=7
time="2026-03-21T20:52:03Z" level=info msg=ConnectionClosed connectionID=7
time="2026-03-21T20:52:03Z" level=info msg="Server closing listener. No longer accepting connections."
time="2026-03-21T20:52:03Z" level=info msg="stats stopped: context canceled"
Starting server with Config HP="127.0.0.1:63375"|T="28800000"|R="false"|L="info"
time="2026-03-21T20:54:24Z" level=info msg="Server ready. Accepting connections."
time="2026-03-21T20:54:24Z" level=warning msg="secure_file_priv is set to \"\", which is insecure."
time="2026-03-21T20:54:24Z" level=warning msg="Any user with GRANT FILE privileges will be able to read any file which the sql-server process can read."
time="2026-03-21T20:54:24Z" level=warning msg="Please consider restarting the server with secure_file_priv set to a safe (or non-existent) directory."
time="2026-03-21T20:54:24Z" level=info msg=NewConnection DisableClientMultiStatements=false connectionID=1
time="2026-03-21T20:54:24Z" level=info msg=NewConnection DisableClientMultiStatements=false connectionID=2
time="2026-03-21T20:54:24Z" level=info msg=NewConnection DisableClientMultiStatements=false connectionID=3
time="2026-03-21T20:54:24Z" level=info msg=ConnectionClosed connectionID=2
time="2026-03-21T20:54:24Z" level=info msg=ConnectionClosed connectionID=1
time="2026-03-21T20:54:24Z" level=info msg=NewConnection DisableClientMultiStatements=false connectionID=4
time="2026-03-21T20:54:24Z" level=info msg=ConnectionClosed connectionID=3
time="2026-03-21T20:54:25Z" level=warning msg="error running query" connectTime="2026-03-21 20:54:24.991611 +0000 GMT m=+0.205513542" connectionDb=human_hum connectionID=4 error="nothing to commit" queryTime="2026-03-21 20:54:25.009778 +0000 GMT m=+0.223680292"
time="2026-03-21T20:54:25Z" level=info msg=NewConnection DisableClientMultiStatements=false connectionID=5
time="2026-03-21T20:54:25Z" level=info msg=ConnectionClosed connectionID=5
time="2026-03-21T20:54:25Z" level=info msg=NewConnection DisableClientMultiStatements=false connectionID=6
time="2026-03-21T20:54:25Z" level=info msg=ConnectionClosed connectionID=6
time="2026-03-21T20:54:25Z" level=info msg=ConnectionClosed connectionID=4
time="2026-03-21T20:54:25Z" level=info msg=NewConnection DisableClientMultiStatements=false connectionID=7
time="2026-03-21T20:54:25Z" level=info msg=ConnectionClosed connectionID=7
time="2026-03-21T20:54:25Z" level=info msg="Server closing listener. No longer accepting connections."
time="2026-03-21T20:54:25Z" level=info msg="stats stopped: context canceled"
Starting server with Config HP="127.0.0.1:63396"|T="28800000"|R="false"|L="info"
time="2026-03-21T20:54:33Z" level=info msg="Server ready. Accepting connections."
time="2026-03-21T20:54:33Z" level=warning msg="secure_file_priv is set to \"\", which is insecure."
time="2026-03-21T20:54:33Z" level=warning msg="Any user with GRANT FILE privileges will be able to read any file which the sql-server process can read."
time="2026-03-21T20:54:33Z" level=warning msg="Please consider restarting the server with secure_file_priv set to a safe (or non-existent) directory."
time="2026-03-21T20:54:33Z" level=info msg=NewConnection DisableClientMultiStatements=false connectionID=1
time="2026-03-21T20:54:33Z" level=info msg=ConnectionClosed connectionID=1
time="2026-03-21T20:54:33Z" level=info msg=NewConnection DisableClientMultiStatements=false connectionID=2
time="2026-03-21T20:54:33Z" level=info msg=ConnectionClosed connectionID=2
time="2026-03-21T20:54:33Z" level=info msg=NewConnection DisableClientMultiStatements=false connectionID=3
time="2026-03-21T20:54:33Z" level=info msg=NewConnection DisableClientMultiStatements=false connectionID=4
time="2026-03-21T20:54:33Z" level=info msg=ConnectionClosed connectionID=3
time="2026-03-21T20:54:33Z" level=info msg=ConnectionClosed connectionID=4
time="2026-03-21T20:54:33Z" level=info msg=NewConnection DisableClientMultiStatements=false connectionID=5
time="2026-03-21T20:54:33Z" level=info msg=ConnectionClosed connectionID=5
time="2026-03-21T20:54:33Z" level=info msg="Server closing listener. No longer accepting connections."
time="2026-03-21T20:54:33Z" level=info msg="stats stopped: context canceled"
Starting server with Config HP="127.0.0.1:65316"|T="28800000"|R="false"|L="info"
time="2026-03-22T00:35:42Z" level=info msg="Server ready. Accepting connections."
time="2026-03-22T00:35:42Z" level=warning msg="secure_file_priv is set to \"\", which is insecure."
time="2026-03-22T00:35:42Z" level=warning msg="Any user with GRANT FILE privileges will be able to read any file which the sql-server process can read."
time="2026-03-22T00:35:42Z" level=warning msg="Please consider restarting the server with secure_file_priv set to a safe (or non-existent) directory."
time="2026-03-22T00:35:42Z" level=info msg=NewConnection DisableClientMultiStatements=false connectionID=1
time="2026-03-22T00:35:42Z" level=info msg=ConnectionClosed connectionID=1
time="2026-03-22T00:35:42Z" level=info msg=NewConnection DisableClientMultiStatements=false connectionID=2
time="2026-03-22T00:35:42Z" level=info msg=ConnectionClosed connectionID=2
time="2026-03-22T00:35:42Z" level=info msg=NewConnection DisableClientMultiStatements=false connectionID=3
time="2026-03-22T00:35:42Z" level=info msg=NewConnection DisableClientMultiStatements=false connectionID=4
time="2026-03-22T00:35:43Z" level=info msg=ConnectionClosed connectionID=3
time="2026-03-22T00:35:43Z" level=info msg=NewConnection DisableClientMultiStatements=false connectionID=5
time="2026-03-22T00:35:43Z" level=info msg=ConnectionClosed connectionID=5
time="2026-03-22T00:35:43Z" level=info msg=NewConnection DisableClientMultiStatements=false connectionID=6
time="2026-03-22T00:35:43Z" level=warning msg="error running query" connectTime="2026-03-22 00:35:42.998415 +0000 GMT m=+0.212932085" connectionDb=human_hum connectionID=4 error="nothing to commit" queryTime="2026-03-22 00:35:43.05189 +0000 GMT m=+0.266404501"
time="2026-03-22T00:35:43Z" level=info msg=NewConnection DisableClientMultiStatements=false connectionID=7
time="2026-03-22T00:35:43Z" level=info msg=ConnectionClosed connectionID=6
time="2026-03-22T00:35:43Z" level=warning msg="error running query" connectTime="2026-03-22 00:35:43.056757 +0000 GMT m=+0.271271710" connectionDb=human_hum connectionID=7 error="nothing to commit" queryTime="2026-03-22 00:35:43.071032 +0000 GMT m=+0.285546085"
time="2026-03-22T00:35:43Z" level=info msg=NewConnection DisableClientMultiStatements=false connectionID=8
time="2026-03-22T00:35:43Z" level=info msg=ConnectionClosed connectionID=8
time="2026-03-22T00:35:43Z" level=info msg=NewConnection DisableClientMultiStatements=false connectionID=9
time="2026-03-22T00:35:43Z" level=info msg=NewConnection DisableClientMultiStatements=false connectionID=10
time="2026-03-22T00:35:43Z" level=info msg=ConnectionClosed connectionID=9
time="2026-03-22T00:35:43Z" level=warning msg="error running query" connectTime="2026-03-22 00:35:43.112977 +0000 GMT m=+0.327489251" connectionDb=human_hum connectionID=10 error="nothing to commit" queryTime="2026-03-22 00:35:43.125126 +0000 GMT m=+0.339637585"
time="2026-03-22T00:35:43Z" level=info msg=NewConnection DisableClientMultiStatements=false connectionID=11
time="2026-03-22T00:35:43Z" level=info msg=ConnectionClosed connectionID=11
time="2026-03-22T00:35:43Z" level=info msg=NewConnection DisableClientMultiStatements=false connectionID=12
time="2026-03-22T00:35:43Z" level=info msg=NewConnection DisableClientMultiStatements=false connectionID=13
time="2026-03-22T00:35:43Z" level=info msg=ConnectionClosed connectionID=12
time="2026-03-22T00:35:43Z" level=warning msg="error running query" connectTime="2026-03-22 00:35:43.177093 +0000 GMT m=+0.391603293" connectionDb=human_hum connectionID=13 error="nothing to commit" queryTime="2026-03-22 00:35:43.187567 +0000 GMT m=+0.402076168"
time="2026-03-22T00:35:43Z" level=info msg=NewConnection DisableClientMultiStatements=false connectionID=14
time="2026-03-22T00:35:43Z" level=info msg=NewConnection DisableClientMultiStatements=false connectionID=15
time="2026-03-22T00:35:43Z" level=info msg=ConnectionClosed connectionID=14
time="2026-03-22T00:35:43Z" level=info msg=ConnectionClosed connectionID=15
time="2026-03-22T00:35:43Z" level=info msg=NewConnection DisableClientMultiStatements=false connectionID=16
time="2026-03-22T00:35:43Z" level=info msg=ConnectionClosed connectionID=16
time="2026-03-22T00:35:43Z" level=info msg=NewConnection DisableClientMultiStatements=false connectionID=17
time="2026-03-22T00:35:43Z" level=info msg=ConnectionClosed connectionID=17
time="2026-03-22T00:35:43Z" level=info msg=NewConnection DisableClientMultiStatements=false connectionID=18
time="2026-03-22T00:35:43Z" level=info msg=ConnectionClosed connectionID=18
time="2026-03-22T00:35:43Z" level=info msg=NewConnection DisableClientMultiStatements=false connectionID=19
time="2026-03-22T00:35:43Z" level=info msg=ConnectionClosed connectionID=19
time="2026-03-22T00:35:43Z" level=info msg=NewConnection DisableClientMultiStatements=false connectionID=20
time="2026-03-22T00:35:43Z" level=info msg=ConnectionClosed connectionID=20
time="2026-03-22T00:35:43Z" level=info msg=NewConnection DisableClientMultiStatements=false connectionID=21
time="2026-03-22T00:35:43Z" level=info msg=ConnectionClosed connectionID=4
time="2026-03-22T00:35:43Z" level=info msg=ConnectionClosed connectionID=21
time="2026-03-22T00:35:43Z" level=info msg=NewConnection DisableClientMultiStatements=false connectionID=22
time="2026-03-22T00:35:43Z" level=info msg=ConnectionClosed connectionID=7
time="2026-03-22T00:35:43Z" level=info msg=ConnectionClosed connectionID=22
time="2026-03-22T00:35:43Z" level=info msg="Server closing listener. No longer accepting connections."
time="2026-03-22T00:35:43Z" level=error msg="Error reading packet from client 10 (127.0.0.1:65330): read tcp 127.0.0.1:65316->127.0.0.1:65330: use of closed network connection\nio.ReadFull(header size) failed"
time="2026-03-22T00:35:43Z" level=info msg=ConnectionClosed connectionID=10
time="2026-03-22T00:35:43Z" level=error msg="Conn 13: Flush() failed: set tcp 127.0.0.1:65316: use of closed network connection"
time="2026-03-22T00:35:43Z" level=info msg=ConnectionClosed connectionID=13
time="2026-03-22T00:35:43Z" level=info msg="stats stopped: context canceled"
Starting server with Config HP="127.0.0.1:65535"|T="28800000"|R="false"|L="info"
time="2026-03-22T00:36:52Z" level=info msg="Server ready. Accepting connections."
time="2026-03-22T00:36:52Z" level=warning msg="secure_file_priv is set to \"\", which is insecure."
time="2026-03-22T00:36:52Z" level=warning msg="Any user with GRANT FILE privileges will be able to read any file which the sql-server process can read."
time="2026-03-22T00:36:52Z" level=warning msg="Please consider restarting the server with secure_file_priv set to a safe (or non-existent) directory."
time="2026-03-22T00:36:52Z" level=info msg=NewConnection DisableClientMultiStatements=false connectionID=2
time="2026-03-22T00:36:52Z" level=info msg=NewConnection DisableClientMultiStatements=false connectionID=1
time="2026-03-22T00:36:52Z" level=info msg=ConnectionClosed connectionID=2
time="2026-03-22T00:36:52Z" level=info msg=ConnectionClosed connectionID=1
time="2026-03-22T00:36:52Z" level=info msg=NewConnection DisableClientMultiStatements=false connectionID=3
time="2026-03-22T00:36:52Z" level=info msg=NewConnection DisableClientMultiStatements=false connectionID=4
time="2026-03-22T00:36:52Z" level=info msg=ConnectionClosed connectionID=3
time="2026-03-22T00:36:52Z" level=warning msg="error running query" connectTime="2026-03-22 00:36:52.625828 +0000 GMT m=+0.202151376" connectionDb=human_hum connectionID=4 error="nothing to commit" queryTime="2026-03-22 00:36:52.654614 +0000 GMT m=+0.230938167"
time="2026-03-22T00:36:52Z" level=info msg=NewConnection DisableClientMultiStatements=false connectionID=5
time="2026-03-22T00:36:52Z" level=info msg=ConnectionClosed connectionID=5
time="2026-03-22T00:36:52Z" level=info msg=NewConnection DisableClientMultiStatements=false connectionID=6
time="2026-03-22T00:36:52Z" level=info msg=NewConnection DisableClientMultiStatements=false connectionID=7
time="2026-03-22T00:36:52Z" level=info msg=ConnectionClosed connectionID=6
time="2026-03-22T00:36:52Z" level=warning msg="error running query" connectTime="2026-03-22 00:36:52.656561 +0000 GMT m=+0.232884917" connectionDb=human_hum connectionID=7 error="nothing to commit" queryTime="2026-03-22 00:36:52.667452 +0000 GMT m=+0.243775376"
time="2026-03-22T00:36:52Z" level=info msg=NewConnection DisableClientMultiStatements=false connectionID=8
time="2026-03-22T00:36:52Z" level=info msg=ConnectionClosed connectionID=8
time="2026-03-22T00:36:52Z" level=info msg=NewConnection DisableClientMultiStatements=false connectionID=9
time="2026-03-22T00:36:52Z" level=info msg=ConnectionClosed connectionID=9
time="2026-03-22T00:36:53Z" level=info msg=NewConnection DisableClientMultiStatements=false connectionID=10
time="2026-03-22T00:36:53Z" level=info msg=ConnectionClosed connectionID=10
time="2026-03-22T00:36:53Z" level=info msg=NewConnection DisableClientMultiStatements=false connectionID=11
time="2026-03-22T00:36:53Z" level=info msg=ConnectionClosed connectionID=11
time="2026-03-22T00:36:53Z" level=info msg=ConnectionClosed connectionID=7
time="2026-03-22T00:36:53Z" level=info msg=ConnectionClosed connectionID=4
time="2026-03-22T00:36:53Z" level=info msg=NewConnection DisableClientMultiStatements=false connectionID=12
time="2026-03-22T00:36:53Z" level=info msg=NewConnection DisableClientMultiStatements=false connectionID=13
time="2026-03-22T00:36:53Z" level=info msg=ConnectionClosed connectionID=12
time="2026-03-22T00:36:53Z" level=info msg="Server closing listener. No longer accepting connections."
time="2026-03-22T00:36:53Z" level=error msg="Error reading packet from client 13 (127.0.0.1:49194): read tcp 127.0.0.1:65535->127.0.0.1:49194: use of closed network connection\nio.ReadFull(header size) failed"
time="2026-03-22T00:36:53Z" level=info msg=ConnectionClosed connectionID=13
time="2026-03-22T00:36:53Z" level=info msg="stats stopped: context canceled"
Starting server with Config HP="127.0.0.1:49205"|T="28800000"|R="false"|L="info"
time="2026-03-22T00:36:53Z" level=info msg="Server ready. Accepting connections."
time="2026-03-22T00:36:53Z" level=warning msg="secure_file_priv is set to \"\", which is insecure."
time="2026-03-22T00:36:53Z" level=warning msg="Any user with GRANT FILE privileges will be able to read any file which the sql-server process can read."
time="2026-03-22T00:36:53Z" level=warning msg="Please consider restarting the server with secure_file_priv set to a safe (or non-existent) directory."
time="2026-03-22T00:36:53Z" level=info msg=NewConnection DisableClientMultiStatements=false connectionID=1
time="2026-03-22T00:36:53Z" level=info msg=NewConnection DisableClientMultiStatements=false connectionID=2
time="2026-03-22T00:36:53Z" level=info msg=ConnectionClosed connectionID=2
time="2026-03-22T00:36:53Z" level=info msg=ConnectionClosed connectionID=1
time="2026-03-22T00:36:53Z" level=info msg=NewConnection DisableClientMultiStatements=false connectionID=3
time="2026-03-22T00:36:53Z" level=info msg=NewConnection DisableClientMultiStatements=false connectionID=4
time="2026-03-22T00:36:53Z" level=info msg=ConnectionClosed connectionID=3
time="2026-03-22T00:36:53Z" level=warning msg="error running query" connectTime="2026-03-22 00:36:53.614208 +0000 GMT m=+0.196461626" connectionDb=human_hum connectionID=4 error="nothing to commit" queryTime="2026-03-22 00:36:53.622308 +0000 GMT m=+0.204561584"
time="2026-03-22T00:36:53Z" level=info msg=NewConnection DisableClientMultiStatements=false connectionID=5
time="2026-03-22T00:36:53Z" level=info msg=ConnectionClosed connectionID=5
time="2026-03-22T00:36:53Z" level=info msg=NewConnection DisableClientMultiStatements=false connectionID=6
time="2026-03-22T00:36:53Z" level=info msg=ConnectionClosed connectionID=6
time="2026-03-22T00:36:53Z" level=info msg=ConnectionClosed connectionID=4
time="2026-03-22T00:36:53Z" level=info msg=NewConnection DisableClientMultiStatements=false connectionID=7
time="2026-03-22T00:36:53Z" level=info msg=ConnectionClosed connectionID=7
time="2026-03-22T00:36:53Z" level=info msg="Server closing listener. No longer accepting connections."
time="2026-03-22T00:36:53Z" level=info msg="stats stopped: context canceled"
Starting server with Config HP="127.0.0.1:54306"|T="28800000"|R="false"|L="info"
time="2026-03-22T13:22:09Z" level=info msg="Server ready. Accepting connections."
time="2026-03-22T13:22:09Z" level=warning msg="secure_file_priv is set to \"\", which is insecure."
time="2026-03-22T13:22:09Z" level=warning msg="Any user with GRANT FILE privileges will be able to read any file which the sql-server process can read."
time="2026-03-22T13:22:09Z" level=warning msg="Please consider restarting the server with secure_file_priv set to a safe (or non-existent) directory."
time="2026-03-22T13:22:09Z" level=info msg=NewConnection DisableClientMultiStatements=false connectionID=1
time="2026-03-22T13:22:09Z" level=info msg=NewConnection DisableClientMultiStatements=false connectionID=2
time="2026-03-22T13:22:09Z" level=info msg=NewConnection DisableClientMultiStatements=false connectionID=3
time="2026-03-22T13:22:09Z" level=info msg=ConnectionClosed connectionID=2
time="2026-03-22T13:22:09Z" level=info msg=ConnectionClosed connectionID=1
time="2026-03-22T13:22:09Z" level=info msg=NewConnection DisableClientMultiStatements=false connectionID=4
time="2026-03-22T13:22:09Z" level=info msg=ConnectionClosed connectionID=3
time="2026-03-22T13:22:09Z" level=info msg=NewConnection DisableClientMultiStatements=false connectionID=5
time="2026-03-22T13:22:09Z" level=info msg=ConnectionClosed connectionID=5
time="2026-03-22T13:22:09Z" level=info msg=NewConnection DisableClientMultiStatements=false connectionID=6
time="2026-03-22T13:22:09Z" level=info msg=NewConnection DisableClientMultiStatements=false connectionID=7
time="2026-03-22T13:22:09Z" level=info msg=ConnectionClosed connectionID=6
time="2026-03-22T13:22:09Z" level=warning msg="error running query" connectTime="2026-03-22 13:22:09.384367 +0000 GMT m=+0.203583418" connectionDb=human_hum connectionID=4 error="nothing to commit" queryTime="2026-03-22 13:22:09.410401 +0000 GMT m=+0.229616918"
time="2026-03-22T13:22:09Z" level=warning msg="error running query" connectTime="2026-03-22 13:22:09.398854 +0000 GMT m=+0.218070543" connectionDb=human_hum connectionID=7 error="nothing to commit" queryTime="2026-03-22 13:22:09.414977 +0000 GMT m=+0.234193293"
time="2026-03-22T13:22:09Z" level=info msg=NewConnection DisableClientMultiStatements=false connectionID=9
time="2026-03-22T13:22:09Z" level=info msg=NewConnection DisableClientMultiStatements=false connectionID=8
time="2026-03-22T13:22:09Z" level=info msg=ConnectionClosed connectionID=9
time="2026-03-22T13:22:09Z" level=info msg=ConnectionClosed connectionID=8
time="2026-03-22T13:22:09Z" level=info msg=NewConnection DisableClientMultiStatements=false connectionID=11
time="2026-03-22T13:22:09Z" level=info msg=NewConnection DisableClientMultiStatements=false connectionID=10
time="2026-03-22T13:22:09Z" level=info msg=ConnectionClosed connectionID=11
time="2026-03-22T13:22:09Z" level=info msg=ConnectionClosed connectionID=10
time="2026-03-22T13:22:09Z" level=info msg=ConnectionClosed connectionID=7
time="2026-03-22T13:22:09Z" level=info msg=ConnectionClosed connectionID=4
time="2026-03-22T13:22:09Z" level=info msg=NewConnection DisableClientMultiStatements=false connectionID=12
time="2026-03-22T13:22:09Z" level=info msg=NewConnection DisableClientMultiStatements=false connectionID=13
time="2026-03-22T13:22:09Z" level=info msg="Server closing listener. No longer accepting connections."
time="2026-03-22T13:22:09Z" level=info msg=ConnectionClosed connectionID=12
time="2026-03-22T13:22:09Z" level=error msg="Conn 13: Flush() failed: set tcp 127.0.0.1:54306: use of closed network connection"
time="2026-03-22T13:22:09Z" level=info msg=ConnectionClosed connectionID=13
time="2026-03-22T13:22:09Z" level=info msg="stats stopped: context canceled"
Starting server with Config HP="127.0.0.1:54382"|T="28800000"|R="false"|L="info"
time="2026-03-22T13:24:00Z" level=info msg="Server ready. Accepting connections."
time="2026-03-22T13:24:00Z" level=warning msg="secure_file_priv is set to \"\", which is insecure."
time="2026-03-22T13:24:00Z" level=warning msg="Any user with GRANT FILE privileges will be able to read any file which the sql-server process can read."
time="2026-03-22T13:24:00Z" level=warning msg="Please consider restarting the server with secure_file_priv set to a safe (or non-existent) directory."
time="2026-03-22T13:24:00Z" level=info msg=NewConnection DisableClientMultiStatements=false connectionID=1
time="2026-03-22T13:24:00Z" level=info msg=NewConnection DisableClientMultiStatements=false connectionID=2
time="2026-03-22T13:24:00Z" level=info msg=ConnectionClosed connectionID=1
time="2026-03-22T13:24:00Z" level=info msg=ConnectionClosed connectionID=2
time="2026-03-22T13:24:00Z" level=info msg=NewConnection DisableClientMultiStatements=false connectionID=3
time="2026-03-22T13:24:00Z" level=info msg=NewConnection DisableClientMultiStatements=false connectionID=4
time="2026-03-22T13:24:00Z" level=info msg=ConnectionClosed connectionID=3
time="2026-03-22T13:24:00Z" level=info msg=ConnectionClosed connectionID=4
time="2026-03-22T13:24:00Z" level=info msg=NewConnection DisableClientMultiStatements=false connectionID=5
time="2026-03-22T13:24:00Z" level=info msg="Server closing listener. No longer accepting connections."
time="2026-03-22T13:24:00Z" level=info msg=ConnectionClosed connectionID=5
time="2026-03-22T13:24:00Z" level=info msg="stats stopped: context canceled"
Starting server with Config HP="127.0.0.1:54401"|T="28800000"|R="false"|L="info"
time="2026-03-22T13:24:13Z" level=info msg="Server ready. Accepting connections."
time="2026-03-22T13:24:13Z" level=warning msg="secure_file_priv is set to \"\", which is insecure."
time="2026-03-22T13:24:13Z" level=warning msg="Any user with GRANT FILE privileges will be able to read any file which the sql-server process can read."
time="2026-03-22T13:24:13Z" level=warning msg="Please consider restarting the server with secure_file_priv set to a safe (or non-existent) directory."
time="2026-03-22T13:24:13Z" level=info msg=NewConnection DisableClientMultiStatements=false connectionID=1
time="2026-03-22T13:24:13Z" level=info msg=NewConnection DisableClientMultiStatements=false connectionID=2
time="2026-03-22T13:24:13Z" level=info msg=NewConnection DisableClientMultiStatements=false connectionID=3
time="2026-03-22T13:24:13Z" level=info msg=ConnectionClosed connectionID=2
time="2026-03-22T13:24:13Z" level=info msg=ConnectionClosed connectionID=1
time="2026-03-22T13:24:13Z" level=info msg=NewConnection DisableClientMultiStatements=false connectionID=4
time="2026-03-22T13:24:13Z" level=info msg=ConnectionClosed connectionID=3
time="2026-03-22T13:24:14Z" level=info msg=ConnectionClosed connectionID=4
time="2026-03-22T13:24:14Z" level=info msg=NewConnection DisableClientMultiStatements=false connectionID=5
time="2026-03-22T13:24:14Z" level=info msg="Server closing listener. No longer accepting connections."
time="2026-03-22T13:24:14Z" level=info msg=ConnectionClosed connectionID=5
time="2026-03-22T13:24:14Z" level=info msg="stats stopped: context canceled"
Starting server with Config HP="127.0.0.1:54422"|T="28800000"|R="false"|L="info"
time="2026-03-22T13:24:46Z" level=info msg="Server ready. Accepting connections."
time="2026-03-22T13:24:46Z" level=warning msg="secure_file_priv is set to \"\", which is insecure."
time="2026-03-22T13:24:46Z" level=warning msg="Any user with GRANT FILE privileges will be able to read any file which the sql-server process can read."
time="2026-03-22T13:24:46Z" level=warning msg="Please consider restarting the server with secure_file_priv set to a safe (or non-existent) directory."
time="2026-03-22T13:24:46Z" level=info msg=NewConnection DisableClientMultiStatements=false connectionID=2
time="2026-03-22T13:24:46Z" level=info msg=NewConnection DisableClientMultiStatements=false connectionID=1
time="2026-03-22T13:24:46Z" level=info msg=ConnectionClosed connectionID=2
time="2026-03-22T13:24:46Z" level=info msg=ConnectionClosed connectionID=1
time="2026-03-22T13:24:46Z" level=info msg=NewConnection DisableClientMultiStatements=false connectionID=3
time="2026-03-22T13:24:46Z" level=info msg=NewConnection DisableClientMultiStatements=false connectionID=4
time="2026-03-22T13:24:46Z" level=info msg=ConnectionClosed connectionID=3
time="2026-03-22T13:24:46Z" level=info msg=ConnectionClosed connectionID=4
time="2026-03-22T13:24:46Z" level=info msg=NewConnection DisableClientMultiStatements=false connectionID=5
time="2026-03-22T13:24:46Z" level=info msg=ConnectionClosed connectionID=5
time="2026-03-22T13:24:46Z" level=info msg="Server closing listener. No longer accepting connections."
time="2026-03-22T13:24:46Z" level=info msg="stats stopped: context canceled"
Starting server with Config HP="127.0.0.1:55248"|T="28800000"|R="false"|L="info"
time="2026-03-22T13:49:15Z" level=info msg="Server ready. Accepting connections."
time="2026-03-22T13:49:15Z" level=warning msg="secure_file_priv is set to \"\", which is insecure."
time="2026-03-22T13:49:15Z" level=warning msg="Any user with GRANT FILE privileges will be able to read any file which the sql-server process can read."
time="2026-03-22T13:49:15Z" level=warning msg="Please consider restarting the server with secure_file_priv set to a safe (or non-existent) directory."
time="2026-03-22T13:49:15Z" level=info msg=NewConnection DisableClientMultiStatements=false connectionID=1
time="2026-03-22T13:49:15Z" level=info msg=NewConnection DisableClientMultiStatements=false connectionID=2
time="2026-03-22T13:49:15Z" level=info msg=ConnectionClosed connectionID=1
time="2026-03-22T13:49:15Z" level=info msg=ConnectionClosed connectionID=2
time="2026-03-22T13:49:15Z" level=info msg=NewConnection DisableClientMultiStatements=false connectionID=3
time="2026-03-22T13:49:15Z" level=info msg=NewConnection DisableClientMultiStatements=false connectionID=4
time="2026-03-22T13:49:15Z" level=info msg=ConnectionClosed connectionID=3
time="2026-03-22T13:49:15Z" level=warning msg="error running query" connectTime="2026-03-22 13:49:15.604102 +0000 GMT m=+0.700486501" connectionDb=human_hum connectionID=4 error="nothing to commit" queryTime="2026-03-22 13:49:15.62646 +0000 GMT m=+0.722844126"
time="2026-03-22T13:49:15Z" level=info msg=NewConnection DisableClientMultiStatements=false connectionID=5
time="2026-03-22T13:49:15Z" level=info msg=ConnectionClosed connectionID=5
time="2026-03-22T13:49:15Z" level=info msg=NewConnection DisableClientMultiStatements=false connectionID=6
time="2026-03-22T13:49:15Z" level=info msg=NewConnection DisableClientMultiStatements=false connectionID=7
time="2026-03-22T13:49:15Z" level=info msg=ConnectionClosed connectionID=6
time="2026-03-22T13:49:15Z" level=warning msg="error running query" connectTime="2026-03-22 13:49:15.629929 +0000 GMT m=+0.726313668" connectionDb=human_hum connectionID=7 error="nothing to commit" queryTime="2026-03-22 13:49:15.637582 +0000 GMT m=+0.733966584"
time="2026-03-22T13:49:15Z" level=info msg=NewConnection DisableClientMultiStatements=false connectionID=8
time="2026-03-22T13:49:15Z" level=info msg=ConnectionClosed connectionID=8
time="2026-03-22T13:49:15Z" level=info msg=NewConnection DisableClientMultiStatements=false connectionID=9
time="2026-03-22T13:49:15Z" level=info msg=NewConnection DisableClientMultiStatements=false connectionID=10
time="2026-03-22T13:49:15Z" level=info msg=ConnectionClosed connectionID=9
time="2026-03-22T13:49:15Z" level=warning msg="error running query" connectTime="2026-03-22 13:49:15.656555 +0000 GMT m=+0.752939418" connectionDb=human_hum connectionID=10 error="nothing to commit" queryTime="2026-03-22 13:49:15.666958 +0000 GMT m=+0.763342876"
time="2026-03-22T13:49:15Z" level=info msg=NewConnection DisableClientMultiStatements=false connectionID=11
time="2026-03-22T13:49:15Z" level=info msg=ConnectionClosed connectionID=11
time="2026-03-22T13:49:15Z" level=info msg=NewConnection DisableClientMultiStatements=false connectionID=12
time="2026-03-22T13:49:15Z" level=info msg=NewConnection DisableClientMultiStatements=false connectionID=13
time="2026-03-22T13:49:15Z" level=info msg=ConnectionClosed connectionID=12
time="2026-03-22T13:49:15Z" level=warning msg="error running query" connectTime="2026-03-22 13:49:15.691902 +0000 GMT m=+0.788286668" connectionDb=human_hum connectionID=13 error="nothing to commit" queryTime="2026-03-22 13:49:15.699021 +0000 GMT m=+0.795405501"
time="2026-03-22T13:49:15Z" level=info msg=NewConnection DisableClientMultiStatements=false connectionID=14
time="2026-03-22T13:49:15Z" level=info msg=ConnectionClosed connectionID=14
time="2026-03-22T13:49:15Z" level=info msg=NewConnection DisableClientMultiStatements=false connectionID=15
time="2026-03-22T13:49:15Z" level=info msg=ConnectionClosed connectionID=15
time="2026-03-22T13:49:15Z" level=info msg=NewConnection DisableClientMultiStatements=false connectionID=16
time="2026-03-22T13:49:15Z" level=info msg=ConnectionClosed connectionID=16
time="2026-03-22T13:49:15Z" level=info msg=NewConnection DisableClientMultiStatements=false connectionID=17
time="2026-03-22T13:49:15Z" level=info msg=ConnectionClosed connectionID=17
time="2026-03-22T13:49:16Z" level=info msg=NewConnection DisableClientMultiStatements=false connectionID=18
time="2026-03-22T13:49:16Z" level=info msg=ConnectionClosed connectionID=18
time="2026-03-22T13:49:16Z" level=info msg=NewConnection DisableClientMultiStatements=false connectionID=19
time="2026-03-22T13:49:16Z" level=info msg=ConnectionClosed connectionID=19
time="2026-03-22T13:49:16Z" level=info msg=NewConnection DisableClientMultiStatements=false connectionID=20
time="2026-03-22T13:49:16Z" level=info msg=NewConnection DisableClientMultiStatements=false connectionID=21
time="2026-03-22T13:49:16Z" level=info msg=ConnectionClosed connectionID=20
time="2026-03-22T13:49:16Z" level=info msg=ConnectionClosed connectionID=21
time="2026-03-22T13:49:16Z" level=info msg=ConnectionClosed connectionID=7
time="2026-03-22T13:49:16Z" level=info msg=ConnectionClosed connectionID=4
time="2026-03-22T13:49:16Z" level=info msg=ConnectionClosed connectionID=10
time="2026-03-22T13:49:16Z" level=info msg=ConnectionClosed connectionID=13
time="2026-03-22T13:49:16Z" level=info msg=NewConnection DisableClientMultiStatements=false connectionID=22
time="2026-03-22T13:49:16Z" level=info msg=NewConnection DisableClientMultiStatements=false connectionID=23
time="2026-03-22T13:49:16Z" level=info msg="Server closing listener. No longer accepting connections."
time="2026-03-22T13:49:16Z" level=error msg="Error reading packet from client 23 (127.0.0.1:55320): read tcp 127.0.0.1:55248->127.0.0.1:55320: use of closed network connection\nio.ReadFull(header size) failed"
time="2026-03-22T13:49:16Z" level=error msg="Error reading packet from client 22 (127.0.0.1:55319): read tcp 127.0.0.1:55248->127.0.0.1:55319: use of closed network connection\nio.ReadFull(header size) failed"
time="2026-03-22T13:49:16Z" level=info msg=ConnectionClosed connectionID=23
time="2026-03-22T13:49:16Z" level=info msg=ConnectionClosed connectionID=22
time="2026-03-22T13:49:16Z" level=info msg="stats stopped: context canceled"
Starting server with Config HP="127.0.0.1:60515"|T="28800000"|R="false"|L="info"
time="2026-03-22T21:22:09Z" level=info msg="Server ready. Accepting connections."
time="2026-03-22T21:22:09Z" level=warning msg="secure_file_priv is set to \"\", which is insecure."
time="2026-03-22T21:22:09Z" level=warning msg="Any user with GRANT FILE privileges will be able to read any file which the sql-server process can read."
time="2026-03-22T21:22:09Z" level=warning msg="Please consider restarting the server with secure_file_priv set to a safe (or non-existent) directory."
time="2026-03-22T21:22:09Z" level=info msg=NewConnection DisableClientMultiStatements=false connectionID=1
time="2026-03-22T21:22:09Z" level=info msg=NewConnection DisableClientMultiStatements=false connectionID=2
time="2026-03-22T21:22:09Z" level=info msg=ConnectionClosed connectionID=2
time="2026-03-22T21:22:09Z" level=info msg=ConnectionClosed connectionID=1
time="2026-03-22T21:22:09Z" level=info msg=NewConnection DisableClientMultiStatements=false connectionID=3
time="2026-03-22T21:22:09Z" level=info msg=NewConnection DisableClientMultiStatements=false connectionID=4
time="2026-03-22T21:22:09Z" level=info msg=ConnectionClosed connectionID=3
time="2026-03-22T21:22:09Z" level=info msg=NewConnection DisableClientMultiStatements=false connectionID=5
time="2026-03-22T21:22:09Z" level=info msg=ConnectionClosed connectionID=5
time="2026-03-22T21:22:09Z" level=info msg=NewConnection DisableClientMultiStatements=false connectionID=6
time="2026-03-22T21:22:09Z" level=warning msg="error running query" connectTime="2026-03-22 21:22:09.386659 +0000 GMT m=+0.207756626" connectionDb=human_hum connectionID=4 error="nothing to commit" queryTime="2026-03-22 21:22:09.409631 +0000 GMT m=+0.230728043"
time="2026-03-22T21:22:09Z" level=info msg=NewConnection DisableClientMultiStatements=false connectionID=7
time="2026-03-22T21:22:09Z" level=info msg=ConnectionClosed connectionID=6
time="2026-03-22T21:22:09Z" level=warning msg="error running query" connectTime="2026-03-22 21:22:09.410003 +0000 GMT m=+0.231099918" connectionDb=human_hum connectionID=7 error="nothing to commit" queryTime="2026-03-22 21:22:09.419339 +0000 GMT m=+0.240436460"
time="2026-03-22T21:22:09Z" level=info msg=NewConnection DisableClientMultiStatements=false connectionID=8
time="2026-03-22T21:22:09Z" level=info msg=ConnectionClosed connectionID=8
time="2026-03-22T21:22:09Z" level=info msg=NewConnection DisableClientMultiStatements=false connectionID=9
time="2026-03-22T21:22:09Z" level=info msg=ConnectionClosed connectionID=9
time="2026-03-22T21:22:09Z" level=info msg=NewConnection DisableClientMultiStatements=false connectionID=10
time="2026-03-22T21:22:09Z" level=info msg=ConnectionClosed connectionID=10
time="2026-03-22T21:22:09Z" level=info msg=NewConnection DisableClientMultiStatements=false connectionID=11
time="2026-03-22T21:22:09Z" level=info msg=ConnectionClosed connectionID=11
time="2026-03-22T21:22:09Z" level=info msg=ConnectionClosed connectionID=4
time="2026-03-22T21:22:09Z" level=info msg=ConnectionClosed connectionID=7
time="2026-03-22T21:22:09Z" level=info msg=NewConnection DisableClientMultiStatements=false connectionID=12
time="2026-03-22T21:22:09Z" level=info msg=ConnectionClosed connectionID=12
time="2026-03-22T21:22:09Z" level=info msg="Server closing listener. No longer accepting connections."
time="2026-03-22T21:22:09Z" level=info msg="stats stopped: context canceled"
Starting server with Config HP="127.0.0.1:60693"|T="28800000"|R="false"|L="info"
time="2026-03-22T21:24:02Z" level=info msg="Server ready. Accepting connections."
time="2026-03-22T21:24:02Z" level=warning msg="secure_file_priv is set to \"\", which is insecure."
time="2026-03-22T21:24:02Z" level=warning msg="Any user with GRANT FILE privileges will be able to read any file which the sql-server process can read."
time="2026-03-22T21:24:02Z" level=warning msg="Please consider restarting the server with secure_file_priv set to a safe (or non-existent) directory."
time="2026-03-22T21:24:02Z" level=info msg=NewConnection DisableClientMultiStatements=false connectionID=3
time="2026-03-22T21:24:02Z" level=info msg=NewConnection DisableClientMultiStatements=false connectionID=1
time="2026-03-22T21:24:02Z" level=info msg=NewConnection DisableClientMultiStatements=false connectionID=2
time="2026-03-22T21:24:02Z" level=info msg=ConnectionClosed connectionID=2
time="2026-03-22T21:24:02Z" level=info msg=ConnectionClosed connectionID=1
time="2026-03-22T21:24:02Z" level=info msg=NewConnection DisableClientMultiStatements=false connectionID=4
time="2026-03-22T21:24:02Z" level=info msg=ConnectionClosed connectionID=3
time="2026-03-22T21:24:02Z" level=info msg=NewConnection DisableClientMultiStatements=false connectionID=5
time="2026-03-22T21:24:02Z" level=info msg=ConnectionClosed connectionID=5
time="2026-03-22T21:24:02Z" level=info msg=NewConnection DisableClientMultiStatements=false connectionID=6
time="2026-03-22T21:24:02Z" level=info msg=NewConnection DisableClientMultiStatements=false connectionID=7
time="2026-03-22T21:24:02Z" level=info msg=ConnectionClosed connectionID=6
time="2026-03-22T21:24:02Z" level=warning msg="error running query" connectTime="2026-03-22 21:24:02.63552 +0000 GMT m=+0.695921876" connectionDb=human_hum connectionID=4 error="nothing to commit" queryTime="2026-03-22 21:24:02.666009 +0000 GMT m=+0.726410459"
time="2026-03-22T21:24:02Z" level=info msg=NewConnection DisableClientMultiStatements=false connectionID=8
time="2026-03-22T21:24:02Z" level=info msg=ConnectionClosed connectionID=8
time="2026-03-22T21:24:02Z" level=warning msg="error running query" connectTime="2026-03-22 21:24:02.651634 +0000 GMT m=+0.712035834" connectionDb=human_hum connectionID=7 error="nothing to commit" queryTime="2026-03-22 21:24:02.672665 +0000 GMT m=+0.733066167"
time="2026-03-22T21:24:02Z" level=info msg=NewConnection DisableClientMultiStatements=false connectionID=9
time="2026-03-22T21:24:02Z" level=info msg=NewConnection DisableClientMultiStatements=false connectionID=10
time="2026-03-22T21:24:02Z" level=info msg=ConnectionClosed connectionID=9
time="2026-03-22T21:24:02Z" level=warning msg="error running query" connectTime="2026-03-22 21:24:02.67655 +0000 GMT m=+0.736951667" connectionDb=human_hum connectionID=10 error="nothing to commit" queryTime="2026-03-22 21:24:02.6871 +0000 GMT m=+0.747501876"
time="2026-03-22T21:24:02Z" level=info msg=NewConnection DisableClientMultiStatements=false connectionID=11
time="2026-03-22T21:24:02Z" level=info msg=ConnectionClosed connectionID=11
time="2026-03-22T21:24:02Z" level=info msg=NewConnection DisableClientMultiStatements=false connectionID=12
time="2026-03-22T21:24:02Z" level=info msg=NewConnection DisableClientMultiStatements=false connectionID=13
time="2026-03-22T21:24:02Z" level=info msg=ConnectionClosed connectionID=12
time="2026-03-22T21:24:02Z" level=warning msg="error running query" connectTime="2026-03-22 21:24:02.710916 +0000 GMT m=+0.771317751" connectionDb=human_hum connectionID=13 error="nothing to commit" queryTime="2026-03-22 21:24:02.72751 +0000 GMT m=+0.787911459"
time="2026-03-22T21:24:02Z" level=info msg=NewConnection DisableClientMultiStatements=false connectionID=15
time="2026-03-22T21:24:02Z" level=info msg=NewConnection DisableClientMultiStatements=false connectionID=14
time="2026-03-22T21:24:02Z" level=info msg=ConnectionClosed connectionID=15
time="2026-03-22T21:24:02Z" level=info msg=ConnectionClosed connectionID=14
time="2026-03-22T21:24:02Z" level=info msg=NewConnection DisableClientMultiStatements=false connectionID=16
time="2026-03-22T21:24:02Z" level=info msg=ConnectionClosed connectionID=16
time="2026-03-22T21:24:02Z" level=info msg=NewConnection DisableClientMultiStatements=false connectionID=17
time="2026-03-22T21:24:02Z" level=info msg=ConnectionClosed connectionID=17
time="2026-03-22T21:24:03Z" level=info msg=NewConnection DisableClientMultiStatements=false connectionID=18
time="2026-03-22T21:24:03Z" level=info msg=ConnectionClosed connectionID=18
time="2026-03-22T21:24:03Z" level=info msg=NewConnection DisableClientMultiStatements=false connectionID=19
time="2026-03-22T21:24:03Z" level=info msg=ConnectionClosed connectionID=19
time="2026-03-22T21:24:03Z" level=info msg=NewConnection DisableClientMultiStatements=false connectionID=20
time="2026-03-22T21:24:03Z" level=info msg=ConnectionClosed connectionID=20
time="2026-03-22T21:24:03Z" level=info msg=ConnectionClosed connectionID=7
time="2026-03-22T21:24:03Z" level=info msg=NewConnection DisableClientMultiStatements=false connectionID=21
time="2026-03-22T21:24:03Z" level=info msg=ConnectionClosed connectionID=21
time="2026-03-22T21:24:03Z" level=info msg=ConnectionClosed connectionID=4
time="2026-03-22T21:24:03Z" level=info msg=NewConnection DisableClientMultiStatements=false connectionID=22
time="2026-03-22T21:24:03Z" level=info msg=ConnectionClosed connectionID=22
time="2026-03-22T21:24:03Z" level=info msg="Server closing listener. No longer accepting connections."
time="2026-03-22T21:24:03Z" level=error msg="Error reading packet from client 13 (127.0.0.1:60727): read tcp 127.0.0.1:60693->127.0.0.1:60727: use of closed network connection\nio.ReadFull(header size) failed"
time="2026-03-22T21:24:03Z" level=error msg="Error reading packet from client 10 (127.0.0.1:60724): read tcp 127.0.0.1:60693->127.0.0.1:60724: use of closed network connection\nio.ReadFull(header size) failed"
time="2026-03-22T21:24:03Z" level=info msg=ConnectionClosed connectionID=13
time="2026-03-22T21:24:03Z" level=info msg=ConnectionClosed connectionID=10
time="2026-03-22T21:24:03Z" level=info msg="stats stopped: context canceled"
Starting server with Config HP="127.0.0.1:60878"|T="28800000"|R="false"|L="info"
time="2026-03-22T21:26:32Z" level=info msg="Server ready. Accepting connections."
time="2026-03-22T21:26:32Z" level=warning msg="secure_file_priv is set to \"\", which is insecure."
time="2026-03-22T21:26:32Z" level=warning msg="Any user with GRANT FILE privileges will be able to read any file which the sql-server process can read."
time="2026-03-22T21:26:32Z" level=warning msg="Please consider restarting the server with secure_file_priv set to a safe (or non-existent) directory."
time="2026-03-22T21:26:32Z" level=info msg=NewConnection DisableClientMultiStatements=false connectionID=2
time="2026-03-22T21:26:32Z" level=info msg=NewConnection DisableClientMultiStatements=false connectionID=1
time="2026-03-22T21:26:32Z" level=info msg=ConnectionClosed connectionID=2
time="2026-03-22T21:26:32Z" level=info msg=ConnectionClosed connectionID=1
time="2026-03-22T21:26:32Z" level=info msg=NewConnection DisableClientMultiStatements=false connectionID=3
time="2026-03-22T21:26:32Z" level=info msg=NewConnection DisableClientMultiStatements=false connectionID=4
time="2026-03-22T21:26:32Z" level=info msg=ConnectionClosed connectionID=3
time="2026-03-22T21:26:32Z" level=info msg=NewConnection DisableClientMultiStatements=false connectionID=5
time="2026-03-22T21:26:32Z" level=info msg=ConnectionClosed connectionID=5
time="2026-03-22T21:26:32Z" level=info msg=NewConnection DisableClientMultiStatements=false connectionID=6
time="2026-03-22T21:26:32Z" level=info msg=NewConnection DisableClientMultiStatements=false connectionID=7
time="2026-03-22T21:26:32Z" level=info msg=ConnectionClosed connectionID=6
time="2026-03-22T21:26:32Z" level=warning msg="error running query" connectTime="2026-03-22 21:26:32.112812 +0000 GMT m=+0.202790959" connectionDb=human_hum connectionID=4 error="nothing to commit" queryTime="2026-03-22 21:26:32.130648 +0000 GMT m=+0.220627126"
time="2026-03-22T21:26:32Z" level=warning msg="error running query" connectTime="2026-03-22 21:26:32.124898 +0000 GMT m=+0.214877043" connectionDb=human_hum connectionID=7 error="nothing to commit" queryTime="2026-03-22 21:26:32.136646 +0000 GMT m=+0.226624584"
time="2026-03-22T21:26:32Z" level=info msg=NewConnection DisableClientMultiStatements=false connectionID=9
time="2026-03-22T21:26:32Z" level=info msg=NewConnection DisableClientMultiStatements=false connectionID=8
time="2026-03-22T21:26:32Z" level=info msg=ConnectionClosed connectionID=8
time="2026-03-22T21:26:32Z" level=info msg=ConnectionClosed connectionID=9
time="2026-03-22T21:26:32Z" level=info msg=NewConnection DisableClientMultiStatements=false connectionID=11
time="2026-03-22T21:26:32Z" level=info msg=NewConnection DisableClientMultiStatements=false connectionID=10
time="2026-03-22T21:26:32Z" level=info msg=ConnectionClosed connectionID=10
time="2026-03-22T21:26:32Z" level=info msg=ConnectionClosed connectionID=11
time="2026-03-22T21:26:32Z" level=info msg=ConnectionClosed connectionID=4
time="2026-03-22T21:26:32Z" level=info msg=ConnectionClosed connectionID=7
time="2026-03-22T21:26:32Z" level=info msg=NewConnection DisableClientMultiStatements=false connectionID=13
time="2026-03-22T21:26:32Z" level=info msg=NewConnection DisableClientMultiStatements=false connectionID=12
time="2026-03-22T21:26:32Z" level=info msg="Server closing listener. No longer accepting connections."
time="2026-03-22T21:26:32Z" level=info msg=ConnectionClosed connectionID=13
time="2026-03-22T21:26:32Z" level=info msg="kill query: pid 67"
time="2026-03-22T21:26:32Z" level=info msg="stats stopped: context canceled"
time="2026-03-22T21:26:32Z" level=error msg="Conn 12: Flush() failed: set tcp 127.0.0.1:60878: use of closed network connection"
time="2026-03-22T21:26:32Z" level=info msg=ConnectionClosed connectionID=12
